价格,价格1,名称_链接,名称,skcolor_ljg,promowords,pcommit,店铺_链接,店铺,关键词
56.9,56.9,https://item.jd.com/2020621.html,士力架花生夹心巧克力1000g量贩装 王嘉尔代言 礼物礼品横扫饥饿(新旧包装随机发放）,巧克力,,,https://mall.jd.com/index-1000078502.html?from=pc,德芙京东自营旗舰店,自营
30.9,30.9,https://item.jd.com/1178879.html,德芙Dove丝滑牛奶巧克力分享碗装 252g 代言人同款 休闲零食婚庆糖果礼品（新旧包装随机发放）,巧克力,【与你巧遇预售甜蜜】双11狂欢预售开启啦！甜蜜芙礼部分抢券满199减99元。更多美妙趣食，丝滑你的味蕾！点击速抢！查看,,https://mall.jd.com/index-1000078502.html?from=pc,德芙京东自营旗舰店,自营
30.9,30.9,https://item.jd.com/1178886.html,德芙Dove香浓黑巧克力分享碗装 252g 代言人同款办可可脂公室零食婚庆喜糖(新旧包装随机发放),巧克力,【与你巧遇预售甜蜜】双11狂欢预售开启啦！甜蜜芙礼部分抢券满199减99元。更多美妙趣食，丝滑你的味蕾！点击速抢！查看,,https://mall.jd.com/index-1000078502.html?from=pc,德芙京东自营旗舰店,自营
139.9,139.9,https://item.jd.com/730614.html,费列罗(FERRERO)榛果威化糖果巧克力制品 婚庆喜糖零食伴手礼 节日礼物员工福利 48粒礼盒装600g 金榜推荐,巧克力,"【费列罗健达巧克力*双11全球热爱季】10月20日20点火热开启，定金抢先付，尾款享立减！超值优惠享不停！加入会员领券且可抽超值大奖,点击查看更多优惠进入",,https://mall.jd.com/index-1000072521.html?from=pc,费列罗京东自营旗舰店,"自营
								满49-20"
30.9,30.9,https://item.jd.com/1178877.html,德芙什锦碗装三种口味混合 249g 代言人同款 休闲零食礼物礼品（新旧包装随机发放）,,【与你巧遇预售甜蜜】双11狂欢预售开启啦！甜蜜芙礼部分抢券满199减99元。更多美妙趣食，丝滑你的味蕾！点击速抢！查看,,https://mall.jd.com/index-1000078502.html?from=pc,德芙京东自营旗舰店,"自营
								赠"
149,149,https://item.jd.com/1950414.html,瑞士莲（Lindt）瑞士进口 软心精选巧克力分享装600g 婚庆喜糖零食伴手礼,巧克力,意大利进口，600g软心精选量贩装，5种口味随心享，品味颗颗幼滑软心，,,https://mall.jd.com/index-1000081022.html?from=pc,瑞士莲京东自营旗舰店,"自营
								品质溯源
								满139-10"
25.9,25.9,https://item.jd.com/539384.html,脆香米 牛奶巧克力碗装216g 糖果休闲食品分享零食礼物礼品（新旧包装随机发放),巧克力,,,https://mall.jd.com/index-1000078502.html?from=pc,德芙京东自营旗舰店,自营
53.5,53.5,https://item.jd.com/4847644.html,好时之吻 Kisses 眩彩 多口味糖果巧克力 糖果零食  婚庆喜糖 散装  500g,巧克力,好时之吻 Kisses 眩彩 多口味糖果巧克力 糖果零食  婚庆喜糖 散装  500g,,https://mall.jd.com/index-1000075682.html?from=pc,好时京东自营旗舰店,"自营
								放心购
								品质溯源"
399,399,https://item.jd.com/100032537582.html,歌帝梵GODIVA比利时进口夹心巧克力金装25枚万圣节礼物送儿童女友女朋友男朋友生日礼物情人节巧克力礼盒装,巧克力,歌帝梵GODIVA比利时进口夹心巧克力金装25枚万圣节礼物送儿童女友女朋友男朋友生日礼物情人节巧克力礼盒装,,https://mall.jd.com/index-1000351986.html?from=pc,GODIVA/歌帝梵京东自营专区,"自营
								2件9折"
30.9,30.9,https://item.jd.com/1178880.html,德芙Dove榛仁葡萄干巧克力分享碗装 243g 代言人同款 零食糖果婚庆喜糖（新旧包装随机发放）,巧克力,【与你巧遇预售甜蜜】双11狂欢预售开启啦！甜蜜芙礼部分抢券满199减99元。更多美妙趣食，丝滑你的味蕾！点击速抢！查看,,https://mall.jd.com/index-1000078502.html?from=pc,德芙京东自营旗舰店,自营
69,69,https://item.jd.com/319460.html,意大利进口 瑞士莲（Lindt）软心精选巧克力分享装200g-辛芷蕾同款,巧克力,意大利进口，600g软心精选量贩装，5种口味随心享，品味颗颗幼滑软心，(此商品不参加上述活动),,https://mall.jd.com/index-1000081022.html?from=pc,瑞士莲京东自营旗舰店,"自营
								品质溯源
								2件9折"
30.9,30.9,https://item.jd.com/1178887.html,德芙Dove奶香白巧克力分享碗装 252g 代言人同款办公室零食礼品婚庆喜糖,巧克力,【与你巧遇预售甜蜜】双11狂欢预售开启啦！甜蜜芙礼部分抢券满199减99元。更多美妙趣食，丝滑你的味蕾！点击速抢！查看,,https://mall.jd.com/index-1000078502.html?from=pc,德芙京东自营旗舰店,自营
266,266,https://item.jd.com/10062681381002.html,LADERACH 莱德拉64%70%80%黑巧克力 瑞士进口纯可可脂 高端手工零食 纪念日婚庆伴手礼 【预售】焦糖牛奶白巧克力3种口味组合,巧克力,,,https://mall.jd.com/index-11439527.html?from=pc,LADERACH旗舰店,
41.9,41.9,https://item.jd.com/1178893.html,德芙 Dove分享碗装66%可可脂醇黑巧克力 252g 代言人同款糖果巧克力 休闲零食婚庆喜糖,巧克力,【与你巧遇预售甜蜜】双11狂欢预售开启啦！甜蜜芙礼部分抢券满199减99元。更多美妙趣食，丝滑你的味蕾！点击速抢！查看,,https://mall.jd.com/index-1000078502.html?from=pc,德芙京东自营旗舰店,自营
258,258,https://item.jd.com/100018265891.html,歌帝梵GODIVA比利时进口夹心巧克力金装15枚万圣节礼物送儿童女友女朋友男朋友生日礼物情人节巧克力礼盒装,巧克力,歌帝梵GODIVA比利时进口夹心巧克力金装15枚万圣节礼物送儿童女友女朋友男朋友生日礼物情人节巧克力礼盒装,,https://mall.jd.com/index-1000351986.html?from=pc,GODIVA/歌帝梵京东自营专区,"自营
								2件9折"
53.9,53.9,https://item.jd.com/100034992588.html,德芙(Dove)牛奶巧克力桶装480g 代言人同款 办公室零食生日礼物休闲零食礼品,巧克力,【与你巧遇预售甜蜜】双11狂欢预售开启啦！甜蜜芙礼部分抢券满199减99元。更多美妙趣食，丝滑你的味蕾！点击速抢！查看,,https://mall.jd.com/index-1000078502.html?from=pc,德芙京东自营旗舰店,自营
30.9,30.9,https://item.jd.com/1178891.html,德芙Dove 摩卡榛仁巧克力分享碗装243g 代言人同款 婚庆 糖果礼品（新旧包装随机发放）,巧克力,【与你巧遇预售甜蜜】双11狂欢预售开启啦！甜蜜芙礼部分抢券满199减99元。更多美妙趣食，丝滑你的味蕾！点击速抢！查看,,https://mall.jd.com/index-1000078502.html?from=pc,德芙京东自营旗舰店,自营
159.9,159.9,https://item.jd.com/4485333.html,魔吻（AMOVO）黑巧克力情人节表白礼盒万圣节糖果生日礼物送女友（秘密花园）270克,巧克力,魔吻（AMOVO）女神节黑巧克力礼盒生日礼物送女友（秘密花园）270克,,https://mall.jd.com/index-1000089365.html?from=pc,魔吻京东自营旗舰店,自营
29.5,29.5,https://item.jd.com/988552.html,M&M'S 妙趣畅享牛奶巧克力豆 270g桶装  休闲零食糖果礼物礼品（新旧包装随机发放）,巧克力,,,https://mall.jd.com/index-1000078502.html?from=pc,德芙京东自营旗舰店,自营
48.53,48.53,https://item.jd.com/1950378.html,费列罗(FERRERO)榛果威化糖果巧克力制品 婚庆喜糖零食伴手礼 员工福利节日团聚送礼 15粒礼盒装187.5g,巧克力,"【费列罗健达巧克力*双11全球热爱季】10月20日20点火热开启，定金抢先付，尾款享立减！超值优惠享不停！加入会员领券且可抽超值大奖,点击查看更多优惠进入",,https://mall.jd.com/index-1000072521.html?from=pc,费列罗京东自营旗舰店,"自营
								赠"
22.9,22.9,https://item.jd.com/508480.html,三角Toblerone瑞士进口牛奶巧克力含蜂蜜及巴旦木糖果儿童休闲零食100g/条 生日礼物节日礼品,巧克力,三角Toblerone瑞士进口牛奶巧克力含蜂蜜及巴旦木糖果儿童休闲零食100g/条 生日礼物节日礼品,,https://mall.jd.com/index-1000351622.html?from=pc,三角金象巧克力京东自营专区,"自营
								品质溯源
								2件9折"
30.9,30.9,https://item.jd.com/326467.html,士力架花生夹心巧克力（全家桶）460g桶装 王嘉尔代言 食品零食礼物礼品（新旧包装随机发放）,巧克力,【与你巧遇预售甜蜜】双11狂欢预售开启啦！甜蜜芙礼部分抢券满199减99元。更多美妙趣食，丝滑你的味蕾！点击速抢！查看,,https://mall.jd.com/index-1000078502.html?from=pc,德芙京东自营旗舰店,"自营
								满赠"
45,45,https://item.jd.com/317652.html,费列罗(FERRERO)榛果威化糖果巧克力制品 婚庆喜糖零食伴手礼 员工福利节日礼物 16粒礼盒装200g,巧克力,"【费列罗健达巧克力*双11全球热爱季】10月20日20点火热开启，定金抢先付，尾款享立减！超值优惠享不停！加入会员领券且可抽超值大奖,点击查看更多优惠进入",,https://mall.jd.com/index-1000072521.html?from=pc,费列罗京东自营旗舰店,"自营
								赠"
38,38,https://item.jd.com/100018395425.html,滋露多彩什锦夹心巧克力礼盒装(代可可脂)27粒163g 日本进口松尾Tirol生日礼物送女友,巧克力,日本进口零食专区，精美礼盒，各类零食季节限定款等您选购点击查看！(此商品不参加上述活动),,https://mall.jd.com/index-1000367485.html?from=pc,春捃京东自营旗舰店,"自营
								品质溯源
								2件9折"
129,129,https://item.jd.com/100035393497.html,诺梵金松露巧克力万圣节糖果礼盒纯可可脂生日礼物女情人节礼盒送女友生日礼物大礼包婚庆伴手礼铁盒500g,巧克力,诺梵金松露巧克力万圣节糖果礼盒纯可可脂生日礼物女情人节礼盒送女友生日礼物大礼包婚庆伴手礼铁盒500g,,https://mall.jd.com/index-1000082422.html?from=pc,诺梵京东自营旗舰店,"自营
								新品
								每满119-20"
53.9,53.9,https://item.jd.com/100035179134.html,德芙(Dove)黑巧克力桶装480g 代言人同款 办公室零食生日礼物礼品,巧克力,【与你巧遇预售甜蜜】双11狂欢预售开启啦！甜蜜芙礼部分抢券满199减99元。更多美妙趣食，丝滑你的味蕾！点击速抢！查看,,https://mall.jd.com/index-1000078502.html?from=pc,德芙京东自营旗舰店,自营
69,69,https://item.jd.com/319459.html,瑞士莲（Lindt）意大利进口 软心60%特浓黑巧克力分享装200g醇厚口感香气浓郁,巧克力,意大利进口，600g软心精选量贩装，5种口味随心享，品味颗颗幼滑软心，(此商品不参加上述活动),,https://mall.jd.com/index-1000081022.html?from=pc,瑞士莲京东自营旗舰店,"自营
								定期
								品质溯源
								满204-27"
69,69,https://item.jd.com/10031865334029.html,瑞士莲软心巧克力500gLindt牛奶夹心球散装万圣节糖果婚礼婚庆生日情人节表白日结婚喜糖520喜酒 多口味混合1斤(随机),巧克力,国内现货，非国外邮寄。放心购买。正品保障，日期新,,https://mall.jd.com/index-11286848.html?from=pc,UNCLE TOM旗舰店,"跨店每满299-50
								满99-8"
29.5,29.5,https://item.jd.com/988585.html,M&M'S 混合巧克力豆270g桶装 休闲妙趣畅享零食糖果礼物礼品（新旧包装随机发放）,巧克力,【与你巧遇预售甜蜜】双11狂欢预售开启啦！甜蜜芙礼部分抢券满199减99元。更多美妙趣食，丝滑你的味蕾！点击速抢！查看,,https://mall.jd.com/index-1000078502.html?from=pc,德芙京东自营旗舰店,自营
109,109,https://item.jd.com/100006057989.html,爱普诗（Alpes d'Or）85%黑巧克力428g袋装 瑞士进口黑巧办公室零食分享装公司节日福利生日礼物,巧克力,爱普诗（Alpes d'Or）85%黑巧克力428g袋装 瑞士进口黑巧办公室零食分享装公司节日福利生日礼物,,https://mall.jd.com/index-1000303482.html?from=pc,爱普诗（Alpes d'Or）京东自营旗舰店,"自营
								品质溯源"
56.9,56.9,https://item.jd.com/2020621.html,士力架花生夹心巧克力1000g量贩装 王嘉尔代言 礼物礼品横扫饥饿(新旧包装随机发放）,巧克力,,100万+条评价,https://mall.jd.com/index-1000078502.html?from=pc,德芙京东自营旗舰店,自营
30.9,30.9,https://item.jd.com/1178879.html,德芙Dove丝滑牛奶巧克力分享碗装 252g 代言人同款 休闲零食婚庆糖果礼品（新旧包装随机发放）,巧克力,【与你巧遇预售甜蜜】双11狂欢预售开启啦！甜蜜芙礼部分抢券满199减99元。更多美妙趣食，丝滑你的味蕾！点击速抢！查看,500万+条评价,https://mall.jd.com/index-1000078502.html?from=pc,德芙京东自营旗舰店,自营
30.9,30.9,https://item.jd.com/1178886.html,德芙Dove香浓黑巧克力分享碗装 252g 代言人同款办可可脂公室零食婚庆喜糖(新旧包装随机发放),巧克力,【与你巧遇预售甜蜜】双11狂欢预售开启啦！甜蜜芙礼部分抢券满199减99元。更多美妙趣食，丝滑你的味蕾！点击速抢！查看,500万+条评价,https://mall.jd.com/index-1000078502.html?from=pc,德芙京东自营旗舰店,自营
139.9,139.9,https://item.jd.com/730614.html,费列罗(FERRERO)榛果威化糖果巧克力制品 婚庆喜糖零食伴手礼 节日礼物员工福利 48粒礼盒装600g 金榜推荐,巧克力,"【费列罗健达巧克力*双11全球热爱季】10月20日20点火热开启，定金抢先付，尾款享立减！超值优惠享不停！加入会员领券且可抽超值大奖,点击查看更多优惠进入",200万+条评价,https://mall.jd.com/index-1000072521.html?from=pc,费列罗京东自营旗舰店,"自营
								满49-20"
30.9,30.9,https://item.jd.com/1178877.html,德芙什锦碗装三种口味混合 249g 代言人同款 休闲零食礼物礼品（新旧包装随机发放）,,【与你巧遇预售甜蜜】双11狂欢预售开启啦！甜蜜芙礼部分抢券满199减99元。更多美妙趣食，丝滑你的味蕾！点击速抢！查看,500万+条评价,https://mall.jd.com/index-1000078502.html?from=pc,德芙京东自营旗舰店,"自营
								赠"
149,149,https://item.jd.com/1950414.html,瑞士莲（Lindt）瑞士进口 软心精选巧克力分享装600g 婚庆喜糖零食伴手礼,巧克力,意大利进口，600g软心精选量贩装，5种口味随心享，品味颗颗幼滑软心，,20万+条评价,https://mall.jd.com/index-1000081022.html?from=pc,瑞士莲京东自营旗舰店,"自营
								品质溯源
								满139-10"
25.9,25.9,https://item.jd.com/539384.html,脆香米 牛奶巧克力碗装216g 糖果休闲食品分享零食礼物礼品（新旧包装随机发放),巧克力,,100万+条评价,https://mall.jd.com/index-1000078502.html?from=pc,德芙京东自营旗舰店,自营
53.5,53.5,https://item.jd.com/4847644.html,好时之吻 Kisses 眩彩 多口味糖果巧克力 糖果零食  婚庆喜糖 散装  500g,巧克力,好时之吻 Kisses 眩彩 多口味糖果巧克力 糖果零食  婚庆喜糖 散装  500g,50万+条评价,https://mall.jd.com/index-1000075682.html?from=pc,好时京东自营旗舰店,"自营
								放心购
								品质溯源"
399,399,https://item.jd.com/100032537582.html,歌帝梵GODIVA比利时进口夹心巧克力金装25枚万圣节礼物送儿童女友女朋友男朋友生日礼物情人节巧克力礼盒装,巧克力,歌帝梵GODIVA比利时进口夹心巧克力金装25枚万圣节礼物送儿童女友女朋友男朋友生日礼物情人节巧克力礼盒装,2万+条评价条评价,https://mall.jd.com/index-1000351986.html?from=pc,GODIVA/歌帝梵京东自营专区,"自营
								2件9折"
30.9,30.9,https://item.jd.com/1178880.html,德芙Dove榛仁葡萄干巧克力分享碗装 243g 代言人同款 零食糖果婚庆喜糖（新旧包装随机发放）,巧克力,【与你巧遇预售甜蜜】双11狂欢预售开启啦！甜蜜芙礼部分抢券满199减99元。更多美妙趣食，丝滑你的味蕾！点击速抢！查看,500万+条评价,https://mall.jd.com/index-1000078502.html?from=pc,德芙京东自营旗舰店,自营
69,69,https://item.jd.com/319460.html,意大利进口 瑞士莲（Lindt）软心精选巧克力分享装200g-辛芷蕾同款,巧克力,意大利进口，600g软心精选量贩装，5种口味随心享，品味颗颗幼滑软心，(此商品不参加上述活动),20万+条评价,https://mall.jd.com/index-1000081022.html?from=pc,瑞士莲京东自营旗舰店,"自营
								品质溯源
								2件9折"
30.9,30.9,https://item.jd.com/1178887.html,德芙Dove奶香白巧克力分享碗装 252g 代言人同款办公室零食礼品婚庆喜糖,巧克力,【与你巧遇预售甜蜜】双11狂欢预售开启啦！甜蜜芙礼部分抢券满199减99元。更多美妙趣食，丝滑你的味蕾！点击速抢！查看,500万+条评价,https://mall.jd.com/index-1000078502.html?from=pc,德芙京东自营旗舰店,自营
266,266,https://item.jd.com/10062681381002.html,LADERACH 莱德拉64%70%80%黑巧克力 瑞士进口纯可可脂 高端手工零食 纪念日婚庆伴手礼 【预售】焦糖牛奶白巧克力3种口味组合,巧克力,,200+条评价,https://mall.jd.com/index-11439527.html?from=pc,LADERACH旗舰店,
41.9,41.9,https://item.jd.com/1178893.html,德芙 Dove分享碗装66%可可脂醇黑巧克力 252g 代言人同款糖果巧克力 休闲零食婚庆喜糖,巧克力,【与你巧遇预售甜蜜】双11狂欢预售开启啦！甜蜜芙礼部分抢券满199减99元。更多美妙趣食，丝滑你的味蕾！点击速抢！查看,500万+条评价,https://mall.jd.com/index-1000078502.html?from=pc,德芙京东自营旗舰店,自营
258,258,https://item.jd.com/100018265891.html,歌帝梵GODIVA比利时进口夹心巧克力金装15枚万圣节礼物送儿童女友女朋友男朋友生日礼物情人节巧克力礼盒装,巧克力,歌帝梵GODIVA比利时进口夹心巧克力金装15枚万圣节礼物送儿童女友女朋友男朋友生日礼物情人节巧克力礼盒装,2万+条评价,https://mall.jd.com/index-1000351986.html?from=pc,GODIVA/歌帝梵京东自营专区,"自营
								2件9折"
53.9,53.9,https://item.jd.com/100034992588.html,德芙(Dove)牛奶巧克力桶装480g 代言人同款 办公室零食生日礼物休闲零食礼品,巧克力,【与你巧遇预售甜蜜】双11狂欢预售开启啦！甜蜜芙礼部分抢券满199减99元。更多美妙趣食，丝滑你的味蕾！点击速抢！查看,20万+条评价,https://mall.jd.com/index-1000078502.html?from=pc,德芙京东自营旗舰店,自营
30.9,30.9,https://item.jd.com/1178891.html,德芙Dove 摩卡榛仁巧克力分享碗装243g 代言人同款 婚庆 糖果礼品（新旧包装随机发放）,巧克力,【与你巧遇预售甜蜜】双11狂欢预售开启啦！甜蜜芙礼部分抢券满199减99元。更多美妙趣食，丝滑你的味蕾！点击速抢！查看,500万+条评价,https://mall.jd.com/index-1000078502.html?from=pc,德芙京东自营旗舰店,自营
159.9,159.9,https://item.jd.com/4485333.html,魔吻（AMOVO）黑巧克力情人节表白礼盒万圣节糖果生日礼物送女友（秘密花园）270克,巧克力,魔吻（AMOVO）女神节黑巧克力礼盒生日礼物送女友（秘密花园）270克,5万+条评价,https://mall.jd.com/index-1000089365.html?from=pc,魔吻京东自营旗舰店,自营
29.5,29.5,https://item.jd.com/988552.html,M&M'S 妙趣畅享牛奶巧克力豆 270g桶装  休闲零食糖果礼物礼品（新旧包装随机发放）,巧克力,,50万+条评价条评价,https://mall.jd.com/index-1000078502.html?from=pc,德芙京东自营旗舰店,自营
48.53,48.53,https://item.jd.com/1950378.html,费列罗(FERRERO)榛果威化糖果巧克力制品 婚庆喜糖零食伴手礼 员工福利节日团聚送礼 15粒礼盒装187.5g,巧克力,"【费列罗健达巧克力*双11全球热爱季】10月20日20点火热开启，定金抢先付，尾款享立减！超值优惠享不停！加入会员领券且可抽超值大奖,点击查看更多优惠进入",50万+条评价,https://mall.jd.com/index-1000072521.html?from=pc,费列罗京东自营旗舰店,"自营
								赠"
22.9,22.9,https://item.jd.com/508480.html,三角Toblerone瑞士进口牛奶巧克力含蜂蜜及巴旦木糖果儿童休闲零食100g/条 生日礼物节日礼品,巧克力,三角Toblerone瑞士进口牛奶巧克力含蜂蜜及巴旦木糖果儿童休闲零食100g/条 生日礼物节日礼品,50万+条评价,https://mall.jd.com/index-1000351622.html?from=pc,三角金象巧克力京东自营专区,"自营
								品质溯源
								2件9折"
30.9,30.9,https://item.jd.com/326467.html,士力架花生夹心巧克力（全家桶）460g桶装 王嘉尔代言 食品零食礼物礼品（新旧包装随机发放）,巧克力,【与你巧遇预售甜蜜】双11狂欢预售开启啦！甜蜜芙礼部分抢券满199减99元。更多美妙趣食，丝滑你的味蕾！点击速抢！查看,200万+条评价,https://mall.jd.com/index-1000078502.html?from=pc,德芙京东自营旗舰店,"自营
								满赠"
45,45,https://item.jd.com/317652.html,费列罗(FERRERO)榛果威化糖果巧克力制品 婚庆喜糖零食伴手礼 员工福利节日礼物 16粒礼盒装200g,巧克力,"【费列罗健达巧克力*双11全球热爱季】10月20日20点火热开启，定金抢先付，尾款享立减！超值优惠享不停！加入会员领券且可抽超值大奖,点击查看更多优惠进入",200万+条评价,https://mall.jd.com/index-1000072521.html?from=pc,费列罗京东自营旗舰店,"自营
								赠"
38,38,https://item.jd.com/100018395425.html,滋露多彩什锦夹心巧克力礼盒装(代可可脂)27粒163g 日本进口松尾Tirol生日礼物送女友,巧克力,日本进口零食专区，精美礼盒，各类零食季节限定款等您选购点击查看！(此商品不参加上述活动),2000+条评价,https://mall.jd.com/index-1000367485.html?from=pc,春捃京东自营旗舰店,"自营
								品质溯源
								2件9折"
129,129,https://item.jd.com/100035393497.html,诺梵金松露巧克力万圣节糖果礼盒纯可可脂生日礼物女情人节礼盒送女友生日礼物大礼包婚庆伴手礼铁盒500g,巧克力,诺梵金松露巧克力万圣节糖果礼盒纯可可脂生日礼物女情人节礼盒送女友生日礼物大礼包婚庆伴手礼铁盒500g,50万+条评价,https://mall.jd.com/index-1000082422.html?from=pc,诺梵京东自营旗舰店,"自营
								新品
								每满119-20"
53.9,53.9,https://item.jd.com/100035179134.html,德芙(Dove)黑巧克力桶装480g 代言人同款 办公室零食生日礼物礼品,巧克力,【与你巧遇预售甜蜜】双11狂欢预售开启啦！甜蜜芙礼部分抢券满199减99元。更多美妙趣食，丝滑你的味蕾！点击速抢！查看,20万+条评价,https://mall.jd.com/index-1000078502.html?from=pc,德芙京东自营旗舰店,自营
69,69,https://item.jd.com/319459.html,瑞士莲（Lindt）意大利进口 软心60%特浓黑巧克力分享装200g醇厚口感香气浓郁,巧克力,意大利进口，600g软心精选量贩装，5种口味随心享，品味颗颗幼滑软心，(此商品不参加上述活动),20万+条评价条评价,https://mall.jd.com/index-1000081022.html?from=pc,瑞士莲京东自营旗舰店,"自营
								定期
								品质溯源
								满204-27"
69,69,https://item.jd.com/10031865334029.html,瑞士莲软心巧克力500gLindt牛奶夹心球散装万圣节糖果婚礼婚庆生日情人节表白日结婚喜糖520喜酒 多口味混合1斤(随机),巧克力,国内现货，非国外邮寄。放心购买。正品保障，日期新,1万+条评价,https://mall.jd.com/index-11286848.html?from=pc,UNCLE TOM旗舰店,"跨店每满299-50
								满99-8"
29.5,29.5,https://item.jd.com/988585.html,M&M'S 混合巧克力豆270g桶装 休闲妙趣畅享零食糖果礼物礼品（新旧包装随机发放）,巧克力,【与你巧遇预售甜蜜】双11狂欢预售开启啦！甜蜜芙礼部分抢券满199减99元。更多美妙趣食，丝滑你的味蕾！点击速抢！查看,50万+条评价,https://mall.jd.com/index-1000078502.html?from=pc,德芙京东自营旗舰店,自营
109,109,https://item.jd.com/100006057989.html,爱普诗（Alpes d'Or）85%黑巧克力428g袋装 瑞士进口黑巧办公室零食分享装公司节日福利生日礼物,巧克力,爱普诗（Alpes d'Or）85%黑巧克力428g袋装 瑞士进口黑巧办公室零食分享装公司节日福利生日礼物,20万+条评价条评价,https://mall.jd.com/index-1000303482.html?from=pc,爱普诗（Alpes d'Or）京东自营旗舰店,"自营
								品质溯源"
49.9,49.9,https://item.jd.com/3397830.html,好时 Hershey’s 黑巧克力 排块 办公室休闲  零食 家庭分享装 婚庆喜糖 210g,巧克力,,20万+条评价,https://mall.jd.com/index-1000075682.html?from=pc,好时京东自营旗舰店,自营
228,228,https://item.jd.com/100015003618.html,歌帝梵(GODIVA) 臻粹巧克力制品礼盒精选20颗装 万圣节感恩节礼物送女友糖果巧克力礼盒 节日礼物两种口味,巧克力,【限时折上折】部分产品129打9折，169打8折!! 【下单有礼】尊享宅家美食，赠专属礼袋! 【下单赠豆】会员专享下单即赠300京豆!速戳》,5万+条评价,https://mall.jd.com/index-1000395803.html?from=pc,歌帝梵（Godiva）臻享京东自营旗舰店,"自营
								品质溯源
								3件8折
								赠"
109,109,https://item.jd.com/100006057989.html,爱普诗（Alpes d'Or）85%黑巧克力428g袋装 瑞士进口黑巧办公室零食分享装公司节日福利生日礼物,巧克力,爱普诗（Alpes d'Or）85%黑巧克力428g袋装 瑞士进口黑巧办公室零食分享装公司节日福利生日礼物,20万+条评价,https://mall.jd.com/index-1000303482.html?from=pc,爱普诗（Alpes d'Or）京东自营旗舰店,"自营
								品质溯源"
398,398,https://item.jd.com/100032537576.html,歌帝梵GODIVA比利时进口松露15枚万圣节礼物送儿童女友女朋友男朋友生日礼物情人节表白巧克力礼盒装,巧克力,歌帝梵GODIVA比利时进口松露15枚万圣节礼物送儿童女友女朋友男朋友生日礼物情人节表白巧克力礼盒装,2万+条评价,https://mall.jd.com/index-1000351986.html?from=pc,GODIVA/歌帝梵京东自营专区,"自营
								2件9折"
49.9,49.9,https://item.jd.com/10047170029863.html,德芙（Dove） 丝滑牛奶巧克力224gx2盒排块原装办公休闲零食生日礼物送女孩男孩万圣节糖果礼物 丝滑牛奶14g×16（2盒装）,巧克力,德芙（Dove） 丝滑牛奶巧克力224gx2盒排块原装办公休闲零食生日礼物送女孩男孩万圣节糖果礼物 丝滑牛奶14g×16（2盒装）,1万+条评价,https://mall.jd.com/index-10258870.html?from=pc,德芙爱唯一专卖店,"京东物流
								跨店每满299-50
								券2-1"
110.8,110.8,https://item.jd.com/100001484098.html,魔吻（AMOVO）巧克力情人节礼盒万圣节糖果纯可可脂生日礼物送女友(绯色之吻)170克,巧克力,表白经典彩绘颗粒经典款礼盒,5万+条评价,https://mall.jd.com/index-1000089365.html?from=pc,魔吻京东自营旗舰店,自营
336,336,https://item.jd.com/26014180154.html,瑞士莲 Lindt 软心进口巧克力精选巧克力600g*2分享装5种口味 软心精选巧克力600g*2,巧克力,,1000+条评价,https://mall.jd.com/index-21779.html?from=pc,瑞士莲官方旗舰店,
88,88,https://item.jd.com/100033318883.html,费列罗(FERRERO)榛果威化黑巧巧克力 婚庆喜糖零食伴手礼 节日礼物 15粒礼盒装分享装187.5g,巧克力,"【费列罗健达巧克力*双11全球热爱季】10月20日20点火热开启，定金抢先付，尾款享立减！超值优惠享不停！加入会员领券且可抽超值大奖,点击查看更多优惠进入",5000+条评价,https://mall.jd.com/index-1000072521.html?from=pc,费列罗京东自营旗舰店,"自营
								新品
								2件9折
								赠"
178,178,https://item.jd.com/5595784.html,瑞士莲（Lindt）瑞士精选巧克力私享装500g多种口味独特包装 聚会分享,巧克力,意大利进口，600g软心精选量贩装，5种口味随心享，品味颗颗幼滑软心，(此商品不参加上述活动),5000+条评价,https://mall.jd.com/index-1000081022.html?from=pc,瑞士莲京东自营旗舰店,"自营
								品质溯源"
149,149,https://item.jd.com/100015003592.html,瑞士莲（Lindt）瑞士进口 软心黑巧克力精选分享装600g（45%+60%+70%）,巧克力,意大利进口，600g软心精选量贩装，5种口味随心享，品味颗颗幼滑软心，(此商品不参加上述活动),20万+条评价,https://mall.jd.com/index-1000081022.html?from=pc,瑞士莲京东自营旗舰店,"自营
								品质溯源
								2件9折"
69,69,https://item.jd.com/319459.html,瑞士莲（Lindt）意大利进口 软心60%特浓黑巧克力分享装200g醇厚口感香气浓郁,巧克力,意大利进口，600g软心精选量贩装，5种口味随心享，品味颗颗幼滑软心，(此商品不参加上述活动),20万+条评价,https://mall.jd.com/index-1000081022.html?from=pc,瑞士莲京东自营旗舰店,"自营
								定期
								品质溯源
								满204-27"
198,198,https://item.jd.com/100029396259.html,Patchi 芭驰进口迪拜巧克力礼盒（经典款）250g 万圣节礼物 生日礼物女 喜糖伴手礼进口零食榛果夹心巧克力,巧克力,企业团购优惠联系客服咨询~订单满500元需求礼袋可联系客服~欢迎咨询~~,2万+条评价,https://mall.jd.com/index-1000333345.html?from=pc,patchi京东自营旗舰店,"自营
								新品"
118,118,https://item.jd.com/10035183375116.html,ROYCE' 若翼族 生巧克力制品礼盒装日本北海道进口巧克力送男女朋友生日礼物伴手礼糖果顺丰全程冷链 淡可可味 125g 【20枚/盒】,巧克力,,2万+条评价,https://mall.jd.com/index-11421578.html?from=pc,ROYCE'旗舰店,跨店每满299-50
33.6,33.6,https://item.jd.com/100018136345.html,松尾什锦夹心巧克力163.9g （tyoro）盒装 日本原装进口  情人节节日礼物年货糖果结婚喜糖零食 1号会员店,巧克力,"【1号会员店·京东旗下会员制精选超市】买手精选全自营,全年低价无套路,每月再送一箱可生食鸡蛋",2000+条评价,https://mall.jd.com/index-1000343263.html?from=pc,1号会员店,"自营
								放心购
								券299-30"
81,81,https://item.jd.com/100034636501.html,歌帝梵(GODIVA)醇享系列90%可可黑巧克力制品 80g 进口黑巧克力糖果 纯可可脂制作 办公室加班零食,巧克力,"【限时折上折】部分产品129打9折，169打8折!! 【入会有礼】入会得100积分,单笔实付299赠20元E卡 【实付满赠】会员专享下单即赠300京豆!速戳》",2万+条评价,https://mall.jd.com/index-1000395803.html?from=pc,歌帝梵（Godiva）臻享京东自营旗舰店,自营
120,120,https://item.jd.com/100008212807.html,Kinder健达牛奶巧克力制品  儿童休闲食品 零食 国庆节礼物  8条小箱装 T8*10 1000g,巧克力,"【费列罗健达巧克力*双11全球热爱季】10月20日20点火热开启，定金抢先付，尾款享立减！超值优惠享不停！加入会员领券且可抽超值大奖,点击查看更多优惠进入",50万+条评价,https://mall.jd.com/index-1000072521.html?from=pc,费列罗京东自营旗舰店,自营
48.9,48.9,https://item.jd.com/100005229910.html,德芙（Dove）丝滑牛奶巧克力4.5g 代言人同款 婚庆喜糖节日礼物 500g,巧克力,【与你巧遇预售甜蜜】双11狂欢预售开启啦！甜蜜芙礼部分抢券满199减99元。更多美妙趣食，丝滑你的味蕾！点击速抢！查看,20万+条评价,https://mall.jd.com/index-1000078502.html?from=pc,德芙京东自营旗舰店,自营
99.9,99.9,https://item.jd.com/317655.html,费列罗(FERRERO)榛果威化糖果巧克力制品 员工福利婚庆喜糖零食伴手礼 团聚节日礼物 30粒375g,巧克力,"【费列罗健达巧克力*双11全球热爱季】10月20日20点火热开启，定金抢先付，尾款享立减！超值优惠享不停！加入会员领券且可抽超值大奖,点击查看更多优惠进入",200万+条评价,https://mall.jd.com/index-1000072521.html?from=pc,费列罗京东自营旗舰店,"自营
								赠"
39.5,39.5,https://item.jd.com/100013499308.html,Kinder健达儿童牛奶夹心巧克力制品 儿童零食成人零食  节日礼物亲友团聚休闲食品 20条装（量贩装)250g,巧克力,,50万+条评价,https://mall.jd.com/index-1000072521.html?from=pc,费列罗京东自营旗舰店,自营
17.5,17.5,https://item.jd.com/100039440622.html,德芙(Dove)牛奶巧克力小碗装112g办公室零食休闲零食礼品礼物,巧克力,【与你巧遇预售甜蜜】双11狂欢预售开启啦！甜蜜芙礼部分抢券满199减99元。更多美妙趣食，丝滑你的味蕾！点击速抢！查看,20万+条评价,https://mall.jd.com/index-1000078502.html?from=pc,德芙京东自营旗舰店,自营
18.8,18.8,https://item.jd.com/730619.html,Kinder健达缤纷乐牛奶榛果威化巧克力制品 进口成长零食 节日礼物休闲食品 3包6条装129g,巧克力,"【费列罗健达巧克力*双11全球热爱季】10月20日20点火热开启，定金抢先付，尾款享立减！超值优惠享不停！加入会员领券且可抽超值大奖,点击查看更多优惠进入",20万+条评价,https://mall.jd.com/index-1000072521.html?from=pc,费列罗京东自营旗舰店,"自营
								2件9.5折"
69.8,69.8,https://item.jd.com/100033791553.html,爱普诗（Alpes d'Or）比利时进口精选夹心巧克力礼盒108g 送女友生日礼物夹心巧克力礼盒伴手礼 万圣节,巧克力,爱普诗（Alpes d'Or）比利时进口精选夹心巧克力礼盒108g 送女友生日礼物夹心巧克力礼盒伴手礼 万圣节,20万+条评价,https://mall.jd.com/index-1000303482.html?from=pc,爱普诗（Alpes d'Or）京东自营旗舰店,"自营
								新品
								2件9折"
139.9,139.9,https://item.jd.com/5595762.html,瑞士莲（Lindt）软心精选巧克力乐享装500g家人朋友聚会手礼,巧克力,意大利进口，600g软心精选量贩装，5种口味随心享，品味颗颗幼滑软心，(此商品不参加上述活动),20万+条评价,https://mall.jd.com/index-1000081022.html?from=pc,瑞士莲京东自营旗舰店,"自营
								品质溯源"
69,69,https://item.jd.com/1950434.html,瑞士莲（Lindt）意大利进口 软心牛奶巧克力分享装200g 婚庆喜糖零食伴手礼,巧克力,意大利进口，600g软心精选量贩装，5种口味随心享，品味颗颗幼滑软心，(此商品不参加上述活动),20万+条评价,https://mall.jd.com/index-1000081022.html?from=pc,瑞士莲京东自营旗舰店,"自营
								定期
								品质溯源
								2件9折"
399,399,https://item.jd.com/100032537582.html,歌帝梵GODIVA比利时进口夹心巧克力金装25枚万圣节礼物送儿童女友女朋友男朋友生日礼物情人节巧克力礼盒装,巧克力,,2万+条评价,https://mall.jd.com/index-1000351986.html?from=pc,GODIVA/歌帝梵京东自营专区,自营
31.9,31.9,https://item.jd.com/100035179120.html,德芙(Dove)黑巧克力碗装234g办公室零休闲零食生日礼物婚庆喜糖,巧克力,【与你巧遇预售甜蜜】双11狂欢预售开启啦！甜蜜芙礼部分抢券满199减99元。更多美妙趣食，丝滑你的味蕾！点击速抢！查看,20万+条评价,https://mall.jd.com/index-1000078502.html?from=pc,德芙京东自营旗舰店,自营
109,109,https://item.jd.com/10061512599179.html,瑞士莲（lindt） 进口黑巧克力Lindor混合5口味软心结婚万圣节喜糖果婚庆圣诞节生日礼物送女生 600g精选5口味装,巧克力,礼遇婚礼季！瑞士莲5口味精选【京东8仓发货，下单立减5元】费列罗48粒装【下单立减12元】【日期新鲜，破损包赔】更多优惠点击,200+条评价,https://mall.jd.com/index-10590161.html?from=pc,小七食品专营店,"京东物流
								跨店每满299-50
								闪购
								券99-10
								每满199-20"
29.5,29.5,https://item.jd.com/988552.html,M&M'S 妙趣畅享牛奶巧克力豆 270g桶装  休闲零食糖果礼物礼品（新旧包装随机发放）,巧克力,【与你巧遇预售甜蜜】双11狂欢预售开启啦！甜蜜芙礼部分抢券满199减99元。更多美妙趣食，丝滑你的味蕾！点击速抢！查看,50万+条评价,https://mall.jd.com/index-1000078502.html?from=pc,德芙京东自营旗舰店,自营
109,109,https://item.jd.com/64225603051.html,瑞士莲 巧克力【600g大份装】经典5种口味 Lindt夹心牛奶黑巧克力年货情人节送女友分享装 软心精选巧克力600g/袋【5种口味】,巧克力,难以抗拒的幼滑软心，每袋600g，约50粒，蓝色款三种口味，金色经典款5种口味哦！Meiji明治巧克力【75g*5盒】四种口味圣诞节情人节,5000+条评价,https://mall.jd.com/index-17752.html?from=pc,裕品食品专营店,每满199-20
132.9,132.9,https://item.jd.com/1748541.html,费列罗(FERRERO)榛果威化糖果巧克力制品 节日礼物 婚庆喜糖伴手礼员工福利 零食 27粒心形礼盒装337.5g,巧克力,"【费列罗健达巧克力*双11全球热爱季】10月20日20点火热开启，定金抢先付，尾款享立减！超值优惠享不停！加入会员领券且可抽超值大奖,点击查看更多优惠进入",50万+条评价,https://mall.jd.com/index-1000072521.html?from=pc,费列罗京东自营旗舰店,"自营
								满69-20"
149,149,https://item.jd.com/1320987786.html,瑞士莲 Lindt 进口软心精选巧克力600克 万圣节日送礼零食家庭分享装,巧克力,瑞士莲 Lindt 进口软心精选巧克力600克 万圣节日送礼零食家庭分享装,,https://mall.jd.com/index-21779.html?from=pc,瑞士莲官方旗舰店,"跨店每满299-50
								券149-15"
9.91,9.91,https://item.jd.com/967592.html,费列罗(FERRERO)榛果威化糖果巧克力制品 婚庆喜糖零食伴手礼 节日送礼亲友团聚休闲食品  3粒装37.5g,巧克力,"【费列罗健达巧克力*双11全球热爱季】10月20日20点火热开启，定金抢先付，尾款享立减！超值优惠享不停！加入会员领券且可抽超值大奖,点击查看更多优惠进入",,https://mall.jd.com/index-1000072521.html?from=pc,费列罗京东自营旗舰店,"自营
								2件9.5折"
49.9,49.9,https://item.jd.com/3397830.html,好时 Hershey’s 黑巧克力 排块 办公室休闲  零食 家庭分享装 婚庆喜糖 210g,巧克力,好时 Hershey’s 黑巧克力 排块 办公室休闲  零食 家庭分享装 婚庆喜糖 210g,,https://mall.jd.com/index-1000075682.html?from=pc,好时京东自营旗舰店,"自营
								品质溯源
								2件9折"
118,118,https://item.jd.com/28959494280.html,ROYCE 【预售】北海道生巧克力礼盒七夕情人节送男女朋友生日礼物伴手礼 【口味推荐】原味*1盒,巧克力,,1万+条评价,https://mall.jd.com/index-807823.html?from=pc,洛永星官方旗舰店,
29,29,https://item.jd.com/6474287.html,雀巢(Nestle) 奇巧KitKat 黑巧克力非威化饼干12块 休闲零食下午茶146g 节日送礼 生日礼物 送女友礼物,巧克力,#【金六福&徐福记-双福齐聚】爆款每满199减20元，喜酒喜糖一站购，双喜临门，还有超值好礼相赠！点击查看,10万+条评价,https://mall.jd.com/index-1000089686.html?from=pc,徐福记京东自营旗舰店,"自营
								2件9折"
49.9,49.9,https://item.jd.com/100000995449.html,新西兰进口 惠特克 whittakers 香醇牛奶丝滑巧克力糖果零食休闲食品180g袋装,巧克力,新西兰进口 惠特克 whittakers 香醇牛奶丝滑巧克力糖果零食休闲食品180g袋装,5万+条评价,https://mall.jd.com/index-1000118801.html?from=pc,惠特克（whittakers）巧克力京东自营旗舰店,"自营
								品质溯源
								2件9折"
159.9,159.9,https://item.jd.com/2427928.html,魔吻（AMOVO）黑巧克力礼盒情人节表白礼物万圣节糖果生日礼物送女友送男友（奇幻之旅）270克,巧克力,纯黑巧克力礼盒多口味夹心高雅款,5万+条评价,https://mall.jd.com/index-1000089365.html?from=pc,魔吻京东自营旗舰店,自营
68,68,https://item.jd.com/61018627380.html,费列罗（FERRERO） 巧克力礼盒装万圣节糖果生日礼物女生情人节礼物送女友榛果婚庆喜糖225g 费列罗18粒金色,巧克力,【店铺补贴加购立减】【万圣节糖果】【送女友送儿童】【买贵退差全店保价】【8仓发货定时送达】【15天无理由退换货】【京东超市放心购】,5万+条评价,https://mall.jd.com/index-755041.html?from=pc,多唯呀礼盒旗舰店,"京东物流
								跨店每满299-50"
143,143,https://item.jd.com/10025101963254.html,费列罗（Ferrero Rocher） 礼盒装情人节万圣节圣诞节平安夜零食礼物送员工生日团购女友老婆 金色48粒礼盒装,,8仓配送【节日礼物】【京东定时达，最快当天到】【企业采购找客服】,5万+条评价,https://mall.jd.com/index-10318355.html?from=pc,莲雅进口食品专营店,"京东物流
								秒杀
								券300-30
								每满139-37"
38.9,38.9,https://item.jd.com/532637.html,克特多金象（Cote d'Or）进口86%可可黑巧克力排块装100g/排 儿童休闲零食糖果 生日礼物节日礼品,巧克力,克特多金象（Cote d'Or）进口86%可可黑巧克力排块装100g/排 儿童休闲零食糖果 生日礼物节日礼品,20万+条评价,https://mall.jd.com/index-1000351622.html?from=pc,三角金象巧克力京东自营专区,"自营
								品质溯源
								2件9折"
33.9,33.9,https://item.jd.com/508518.html,克特多金象（Cote d'Or）进口70%可可黑巧克力排块装100g排 儿童休闲零食糖果 生日礼物节日礼品,巧克力,克特多金象（Cote d'Or）进口70%可可黑巧克力排块装100g排 儿童休闲零食糖果 生日礼物节日礼品,20万+条评价,https://mall.jd.com/index-1000351622.html?from=pc,三角金象巧克力京东自营专区,"自营
								品质溯源
								2件9折"
13.9,13.9,https://item.jd.com/326437.html,脆香米牛奶脆米心巧克力120g袋装 办公室休闲零食糖果分享零食礼物礼品（新旧包装随机发放）,巧克力,【与你巧遇预售甜蜜】双11狂欢预售开启啦！甜蜜芙礼部分抢券满199减99元。更多美妙趣食，丝滑你的味蕾！点击速抢！查看,100万+条评价,https://mall.jd.com/index-1000078502.html?from=pc,德芙京东自营旗舰店,"自营
								券99-5"
98,98,https://item.jd.com/735029.html,瑞士莲（Lindt）软心精选巧克力14粒装礼盒168g送礼聚会伴手礼,巧克力,意大利进口，600g软心精选量贩装，5种口味随心享，品味颗颗幼滑软心，(此商品不参加上述活动),2万+条评价,https://mall.jd.com/index-1000081022.html?from=pc,瑞士莲京东自营旗舰店,"自营
								2件9折"
89,89,https://item.jd.com/10552030243.html,歌斐颂 纯可可脂纯黑巧克力盒装85%代餐健身烘焙网红休闲零食糖果礼盒装送男女友三八妇女节平安夜礼物,巧克力,歌斐颂 纯可可脂纯黑巧克力盒装85%代餐健身烘焙网红休闲零食糖果礼盒装送男女友三八妇女节平安夜礼物,2万+条评价,https://mall.jd.com/index-80224.html?from=pc,歌斐颂旗舰店,"跨店每满299-50
								赠"
113,113,https://item.jd.com/10037568839861.html,瑞士莲 【爆款回归】  Lindt 进口冰山雪融可可黑巧克力 休闲零食【新老版本随机发货】 冰山雪融牛奶巧克力175g,爆款,,500+条评价,https://mall.jd.com/index-21779.html?from=pc,瑞士莲官方旗舰店,跨店每满299-50
119,119,https://item.jd.com/100034896139.html,歌帝梵(GODIVA)臻粹巧克力礼盒精选10颗装 100g 生日礼盒巧克力 万圣节感恩节礼物 节日礼物糖果巧克力,巧克力,【限时折上折】部分产品129打9折，169打8折!! 【下单有礼】尊享宅家美食，赠专属礼袋! 【下单赠豆】会员专享下单即赠300京豆!速戳》,5万+条评价,https://mall.jd.com/index-1000395803.html?from=pc,歌帝梵（Godiva）臻享京东自营旗舰店,"自营
								新品
								3件8折
								赠"
38,38,https://item.jd.com/100018395425.html,滋露多彩什锦夹心巧克力礼盒装(代可可脂)27粒163g 日本进口松尾Tirol生日礼物送女友,巧克力,日本进口零食专区，精美礼盒，各类零食季节限定款等您选购点击查看！(此商品不参加上述活动),2000+条评价,https://mall.jd.com/index-1000367485.html?from=pc,春捃京东自营旗舰店,"自营
								品质溯源
								2件9折"
22.9,22.9,https://item.jd.com/508485.html,三角Toblerone瑞士进口黑巧克力含蜂蜜及巴旦木糖果儿童休闲零食100g/条 生日礼物节日礼品,巧克力,三角Toblerone瑞士进口黑巧克力含蜂蜜及巴旦木糖果儿童休闲零食100g/条 生日礼物节日礼品,50万+条评价,https://mall.jd.com/index-1000351622.html?from=pc,三角金象巧克力京东自营专区,"自营
								定期
								品质溯源
								2件9折"
149.9,149.9,https://item.jd.com/100001324422.html,费列罗(FERRERO)臻品威化糖果巧克力制品 送礼婚庆喜糖零食伴手礼节日礼物 48粒礼盒装518.4g,巧克力,"【费列罗健达巧克力*双11全球热爱季】10月20日20点火热开启，定金抢先付，尾款享立减！超值优惠享不停！加入会员领券且可抽超值大奖,点击查看更多优惠进入",50万+条评价,https://mall.jd.com/index-1000072521.html?from=pc,费列罗京东自营旗舰店,"自营
								满49-20"
129.8,129.8,https://item.jd.com/967625.html,费列罗(FERRERO)臻品威化糖果巧克力制品 节日礼物婚庆喜糖伴手礼 32粒礼盒装364.3g（新老款随机发货）,巧克力,"【费列罗健达巧克力*双11全球热爱季】10月20日20点火热开启，定金抢先付，尾款享立减！超值优惠享不停！加入会员领券且可抽超值大奖,点击查看更多优惠进入",50万+条评价,https://mall.jd.com/index-1000072521.html?from=pc,费列罗京东自营旗舰店,自营
30.9,30.9,https://item.jd.com/1178879.html,德芙Dove丝滑牛奶巧克力分享碗装 252g 代言人同款 休闲零食婚庆糖果礼品（新旧包装随机发放）,巧克力,,500万+条评价,https://mall.jd.com/index-1000078502.html?from=pc,德芙京东自营旗舰店,自营
17.5,17.5,https://item.jd.com/100039440604.html,德芙(Dove)黑巧克力小碗装112g办公室零食生日礼物休闲零食礼品,巧克力,【与你巧遇预售甜蜜】双11狂欢预售开启啦！甜蜜芙礼部分抢券满199减99元。更多美妙趣食，丝滑你的味蕾！点击速抢！查看,20万+条评价,https://mall.jd.com/index-1000078502.html?from=pc,德芙京东自营旗舰店,自营
32,32,https://item.jd.com/100016186756.html,Kinder健达儿童牛奶夹心巧克力制品成长必备节日团聚  儿童成人零食休闲食品 迷你型碗装32粒192g,巧克力,"【费列罗健达巧克力*双11全球热爱季】10月20日20点火热开启，定金抢先付，尾款享立减！超值优惠享不停！加入会员领券且可抽超值大奖,点击查看更多优惠进入",50万+条评价,https://mall.jd.com/index-1000072521.html?from=pc,费列罗京东自营旗舰店,"自营
								满39-10"
32,32,https://item.jd.com/967615.html,费列罗(FERRERO)拉斐尔椰蓉扁桃仁糖果酥球 婚庆喜糖零食伴手礼  节日礼物亲友团聚 员工福利15粒礼盒装150g,,"【费列罗健达巧克力*双11全球热爱季】10月20日20点火热开启，定金抢先付，尾款享立减！超值优惠享不停！加入会员领券且可抽超值大奖,点击查看更多优惠进入",20万+条评价,https://mall.jd.com/index-1000072521.html?from=pc,费列罗京东自营旗舰店,"自营
								满15-3"
65,65,https://item.jd.com/10040784155024.html,费列罗 巧克力礼盒220g生日礼物送女友女朋友老婆女神闺蜜万圣节糖果礼物婚庆喜糖伴手礼 18粒金色礼盒,巧克力,【婚庆喜糖伴手礼】【结婚纪念日礼物】【巧克力】【生日礼物女生】【节日礼物】【买贵退差全店保价】,2万+条评价,https://mall.jd.com/index-11626042.html?from=pc,巧语巧克力旗舰店,"京东物流
								跨店每满299-50
								秒杀
								每满65-16
								赠"
64.9,64.9,https://item.jd.com/100004863383.html,三角Toblerone瑞士进口黑巧克力分享装200g 儿童休闲零食糖果 家庭分享装 婚庆喜糖伴手礼 节日礼品生日礼物,巧克力,三角Toblerone瑞士进口黑巧克力分享装200g 儿童休闲零食糖果 家庭分享装 婚庆喜糖伴手礼 节日礼品生日礼物,5万+条评价,https://mall.jd.com/index-1000351622.html?from=pc,三角金象巧克力京东自营专区,"自营
								品质溯源
								2件9折"
99,99,https://item.jd.com/10062031393435.html,进口费列罗巧克力礼盒30粒送男生女朋友高档生日零食万圣节礼物 FERRERO费列罗30粒,巧克力,,0条评价,https://mall.jd.com/index-12324507.html?from=pc,浮桥吴志建食品小店,放心购
53.9,53.9,https://item.jd.com/1178904.html,德芙(Dove) 心语巧克力礼盒150g 生日礼物休闲零食喜糖伴手礼（本产品不含礼品袋，新旧包装随机发货）,巧克力,【与你巧遇预售甜蜜】双11狂欢预售开启啦！甜蜜芙礼部分抢券满199减99元。更多美妙趣食，丝滑你的味蕾！点击速抢！查看,50万+条评价,https://mall.jd.com/index-1000078502.html?from=pc,德芙京东自营旗舰店,自营
45,45,https://item.jd.com/1877430.html,明治（Meiji）澳洲坚果夹心巧克力混合装 125g,巧克力,明治（Meiji）澳洲坚果夹心巧克力混合装 125g,2万+条评价,https://mall.jd.com/index-1000118190.html?from=pc,明治京东自营旗舰店,"自营
								3件8折"
149,149,https://item.jd.com/1320987786.html,瑞士莲 Lindt 进口软心精选巧克力600克 万圣节日送礼零食家庭分享装,巧克力,瑞士莲 Lindt 进口软心精选巧克力600克 万圣节日送礼零食家庭分享装,5万+条评价,https://mall.jd.com/index-21779.html?from=pc,瑞士莲官方旗舰店,"跨店每满299-50
								券149-15"
9.91,9.91,https://item.jd.com/967592.html,费列罗(FERRERO)榛果威化糖果巧克力制品 婚庆喜糖零食伴手礼 节日送礼亲友团聚休闲食品  3粒装37.5g,巧克力,"【费列罗健达巧克力*双11全球热爱季】10月20日20点火热开启，定金抢先付，尾款享立减！超值优惠享不停！加入会员领券且可抽超值大奖,点击查看更多优惠进入",200万+条评价,https://mall.jd.com/index-1000072521.html?from=pc,费列罗京东自营旗舰店,"自营
								2件9.5折"
49.9,49.9,https://item.jd.com/3397830.html,好时 Hershey’s 黑巧克力 排块 办公室休闲  零食 家庭分享装 婚庆喜糖 210g,巧克力,好时 Hershey’s 黑巧克力 排块 办公室休闲  零食 家庭分享装 婚庆喜糖 210g,20万+条评价,https://mall.jd.com/index-1000075682.html?from=pc,好时京东自营旗舰店,"自营
								品质溯源
								2件9折"
39,39,https://item.jd.com/100027088809.html,ChocZero零度巧克力美国进口无蔗糖未碱化无添加糖生可可粉烘焙冲饮生酮低脂 可可粉105g,巧克力,,,https://mall.jd.com/index-1000426861.html?from=pc,CHOCZERO京东自营旗舰店,自营
64.9,64.9,https://item.jd.com/100034739021.html,三角Toblerone瑞士进口牛奶巧克力分享装160g 儿童休闲零食糖果家庭分享装 婚庆喜糖伴手礼 节日礼品生日礼物,巧克力,三角Toblerone瑞士进口牛奶巧克力分享装160g 儿童休闲零食糖果家庭分享装 婚庆喜糖伴手礼 节日礼品生日礼物,,https://mall.jd.com/index-1000351622.html?from=pc,三角金象巧克力京东自营专区,"自营
								新品
								2件9折"
96,96,https://item.jd.com/17746074868.html,费列罗巧克力礼盒30粒370g生日礼物送女友女朋友老婆纪念日万圣节糖果礼物婚庆喜糖伴手礼,巧克力,【婚庆喜糖伴手礼】【结婚纪念日礼物】【巧克力】【生日礼物女生】【节日礼物】【买贵退差全店保价】,,https://mall.jd.com/index-613836.html?from=pc,1314巧克力旗舰店,"京东物流
								跨店每满299-50
								闪购
								每满96-17
								赠"
119,119,https://item.jd.com/100010910967.html,朵娜贝拉dorabella比利时进口巧克力礼盒零食糖果大礼包结婚喜糖伴手礼送员工女友老婆万圣节情人节生日礼物,巧克力,朵娜贝拉dorabella比利时进口巧克力礼盒零食糖果大礼包结婚喜糖伴手礼送员工女友老婆万圣节情人节生日礼物,,https://mall.jd.com/index-1000353903.html?from=pc,朵娜贝拉（Dorabella）京东自营旗舰店,"自营
								赠"
29.5,29.5,https://item.jd.com/988585.html,M&M'S 混合巧克力豆270g桶装 休闲妙趣畅享零食糖果礼物礼品（新旧包装随机发放）,巧克力,【与你巧遇预售甜蜜】双11狂欢预售开启啦！甜蜜芙礼部分抢券满199减99元。更多美妙趣食，丝滑你的味蕾！点击速抢！查看,,https://mall.jd.com/index-1000078502.html?from=pc,德芙京东自营旗舰店,自营
13.9,13.9,https://item.jd.com/10044447205208.html,康美纳卡 白俄罗斯进口 黑巧克力高浓度精选纯可可脂运动健身黑巧克力休闲零食黑巧克力90g装 黑巧克力90g（72%可可）,巧克力,单笔订单满49元+7元可换购100g牛奶巧克力一块【在购物车中换购】,,https://mall.jd.com/index-11697048.html?from=pc,白俄罗斯进口馆,"京东物流
								跨店每满299-50
								秒杀
								2件9折"
29,29,https://item.jd.com/6474287.html,雀巢(Nestle) 奇巧KitKat 黑巧克力非威化饼干12块 休闲零食下午茶146g 节日送礼 生日礼物 送女友礼物,巧克力,,,https://mall.jd.com/index-1000089686.html?from=pc,徐福记京东自营旗舰店,自营
76.5,76.5,https://item.jd.com/10046155996989.html,{俄罗斯国家馆}126块*15克实惠装 俄罗斯黑巧克力原装进口零食 630克一盒（42块*15克） 牛奶味1盒,巧克力,俄罗斯国家馆,,https://mall.jd.com/index-10024437.html?from=pc,俄罗斯国家馆,跨店每满1000-100
94.3,94.3,https://item.jd.com/100006406703.html,歌帝梵(GODIVA) 臻粹双重巧克力制品 12粒/盒 流心榛子进口巧克力 万圣节感恩节礼物喜糖伴手礼糖果巧克力,巧克力,"【限时折上折】部分产品129打9折，169打8折!! 【入会有礼】入会得100积分,单笔实付299赠20元E卡 【实付满赠】会员专享下单即赠300京豆!速戳》",,https://mall.jd.com/index-1000395803.html?from=pc,歌帝梵（Godiva）臻享京东自营旗舰店,"自营
								定期
								品质溯源"
115,115,https://item.jd.com/10055350034240.html,巧克力礼盒装万圣节棒棒糖果礼盒生日情人节礼物女生送女友儿童老婆浪漫惊喜表白礼实用 德芙双层甜蜜情话礼盒（伊诺滋德芙罗丽莎组合）,巧克力,【京8仓发，可指定送达】【一个礼盒多种享受】【精美双层礼盒】【更多礼盒】,,https://mall.jd.com/index-614699.html?from=pc,多唯呀食品旗舰店,"京东物流
								跨店每满1000-100
								闪购
								2件8折
								赠"
189,189,https://item.jd.com/100020390366.html,朵娜贝拉Dorabella比利时进口巧克力礼盒装零食糖果大礼包结婚喜糖伴手礼男生送女友万圣节情人节生日礼物,巧克力,朵娜贝拉Dorabella比利时进口巧克力礼盒装零食糖果大礼包结婚喜糖伴手礼男生送女友万圣节情人节生日礼物,,https://mall.jd.com/index-1000353903.html?from=pc,朵娜贝拉（Dorabella）京东自营旗舰店,"自营
								赠"
25.19,25.19,https://item.jd.com/6338076.html,雀巢(Nestle) 奇巧KitKat 牛奶巧克力非威化饼干12块 休闲零食下午茶146g （新旧包装随机发货） 生日礼物,巧克力,#【金六福&徐福记-双福齐聚】爆款每满199减20元，喜酒喜糖一站购，双喜临门，还有超值好礼相赠！点击查看,,https://mall.jd.com/index-1000089686.html?from=pc,徐福记京东自营旗舰店,"自营
								2件9折"
32,32,https://item.jd.com/967615.html,费列罗(FERRERO)拉斐尔椰蓉扁桃仁糖果酥球 婚庆喜糖零食伴手礼  节日礼物亲友团聚 员工福利15粒礼盒装150g,,,,https://mall.jd.com/index-1000072521.html?from=pc,费列罗京东自营旗舰店,自营
80,80,https://item.jd.com/10040539057128.html,德芙（DOVE） 巧克力礼盒万圣节糖果礼物情人节礼物送女友女生闺蜜生日礼物公司团购员工福利伴手礼 德芙一路有你双层礼盒,巧克力,【全店补贴一直保价】【限时优惠下单立减】【教师节礼物送老师】【生日礼物女生】【15天无理由退换货】【8仓发货定时送达】教师节中秋节主会场,,https://mall.jd.com/index-866166.html?from=pc,可达鸭官方旗舰店,"京东物流
								跨店每满299-50
								满80-17"
63.6,63.6,https://item.jd.com/1178902.html,德芙(Dove)精心之选多种口味巧克力礼盒140g代言人同款生日礼物送女友喜糖伴手礼（本产品不含礼品袋）,巧克力,【与你巧遇预售甜蜜】双11狂欢预售开启啦！甜蜜芙礼部分抢券满199减99元。更多美妙趣食，丝滑你的味蕾！点击速抢！查看,,https://mall.jd.com/index-1000078502.html?from=pc,德芙京东自营旗舰店,自营
49.9,49.9,https://item.jd.com/10038252188629.html,德芙（Dove）丝滑牛奶巧克力排块224g×2盒原装办公休闲零食糖果生日礼物万圣节送女孩男孩 丝滑牛奶14g×16（2盒装）,巧克力,一口小愉悦，焕新上市，好吃比碗装划算！,,https://mall.jd.com/index-11592250.html?from=pc,德芙旗舰店,"京东物流
								跨店每满299-50"
29.9,29.9,https://item.jd.com/10044404720095.html,【全国七仓发货】纯黑可可脂巧克力可可休闲万圣节糖果零食年货婚庆伴手礼 【无添加蔗糖】100%可可-逆天苦,巧克力,【全国七仓发货】纯黑可可脂巧克力可可休闲万圣节糖果零食年货婚庆伴手礼 【无添加蔗糖】100%可可-逆天苦,,https://mall.jd.com/index-22435.html?from=pc,诺梵官方旗舰店,"京东物流
								跨店每满299-50
								2件6折"
138,138,https://item.jd.com/100025164979.html,诺梵10盒装高纯黑巧克力100%逆天苦0添加蔗糖恶搞万圣节糖果礼盒生日礼物女送女友办公室小零食1216g,巧克力,诺梵10盒装高纯黑巧克力100%逆天苦0添加蔗糖恶搞万圣节糖果礼盒生日礼物女送女友办公室小零食1216g,,https://mall.jd.com/index-1000082422.html?from=pc,诺梵京东自营旗舰店,"自营
								秒杀"
109,109,https://item.jd.com/10062840912874.html,瑞士莲（lindt） 进口软心黑巧克力Lindor混合5味万圣节糖果婚庆喜糖伴手礼生日礼物女生送女友 Lindor经典600g,巧克力,,,https://mall.jd.com/index-755041.html?from=pc,多唯呀礼盒旗舰店,跨店每满299-50
86.9,86.9,https://item.jd.com/530944.html,克特多金象（Cote d'Or）进口牛奶巧克力礼盒240g家庭分享装 儿童休闲零食 婚庆喜糖伴手礼生日礼物,巧克力,克特多金象（Cote d'Or）进口牛奶巧克力礼盒240g家庭分享装 儿童休闲零食 婚庆喜糖伴手礼生日礼物,,https://mall.jd.com/index-1000351622.html?from=pc,三角金象巧克力京东自营专区,"自营
								定期
								品质溯源
								2件9折"
16.9,16.9,https://item.jd.com/100027700126.html,明治(Meiji) ChocoBaby牛奶味巧克力豆32g 日本进口儿童休闲零食便携装生日礼物送女友,巧克力,日本进口零食专区，精美礼盒，各类零食季节限定款等您选购点击查看！(此商品不参加上述活动),,https://mall.jd.com/index-1000367485.html?from=pc,春捃京东自营旗舰店,"自营
								品质溯源
								2件9折"
99,99,https://item.jd.com/10029451725411.html,德芙（Dove） 巧克力礼盒生日礼物女生万圣节糖果礼盒装礼物零食情人节礼物送女友朋友老婆糖果268g 德芙巧克力和伊诺滋巧克力组合装,巧克力,【新人首单再减】【万圣节糖果礼物】【全国八仓发货】【生日礼物】【结婚纪念日礼物】【送女友送老婆】【买贵退差，保价】【15天无理由退换货】【店铺更多好物，查看】,,https://mall.jd.com/index-657104.html?from=pc,多唯呀巧克力旗舰店,"京东物流
								满99-20"
29.8,29.8,https://item.jd.com/100036764775.html,声歌里 松露巧克力 70%可可脂含量无糖健身代餐纯黑巧克力小孩男女朋友老婆情人节日礼物休闲零食伴手礼96g,巧克力,声歌里 松露巧克力 70%可可脂含量无糖健身代餐纯黑巧克力小孩男女朋友老婆情人节日礼物休闲零食伴手礼96g,,https://mall.jd.com/index-1000407241.html?from=pc,声歌里京东自营旗舰店,"自营
								新品
								跨店每满299-50
								2件9折"
96,96,https://item.jd.com/100035064723.html,歌帝梵(GODIVA) 大师系列黑巧克力心形117g 办公室加班零食 送女友送男友礼物 宅家零食休闲下午茶,巧克力,"【限时折上折】部分产品129打9折，169打8折!! 【入会有礼】入会得100积分,单笔实付299赠20元E卡 【实付满赠】会员专享下单即赠300京豆!速戳》",,https://mall.jd.com/index-1000395803.html?from=pc,歌帝梵（Godiva）臻享京东自营旗舰店,自营
69,69,https://item.jd.com/1950433.html,瑞士莲（Lindt）意大利进口 软心白巧克力分享装200g 婚庆喜糖零食伴手礼,巧克力,意大利进口，600g软心精选量贩装，5种口味随心享，品味颗颗幼滑软心，(此商品不参加上述活动),,https://mall.jd.com/index-1000081022.html?from=pc,瑞士莲京东自营旗舰店,"自营
								定期
								品质溯源
								满204-27"
25.9,25.9,https://item.jd.com/10044404720097.html,【全国七仓发货】纯黑可可脂巧克力可可休闲万圣节糖果零食年货婚庆伴手礼 【含糖】72%可可-偏苦,巧克力,【全国七仓发货】纯黑可可脂巧克力可可休闲万圣节糖果零食年货婚庆伴手礼 【含糖】72%可可-偏苦,,https://mall.jd.com/index-22435.html?from=pc,诺梵官方旗舰店,"京东物流
								跨店每满299-50
								2件6折"
49.9,49.9,https://item.jd.com/100001044651.html,新西兰进口 惠特克 whittakers Tweats跳跳糖牛奶巧克力糖果儿童零食休闲食品180g袋装,巧克力,新西兰进口 惠特克 whittakers Tweats跳跳糖牛奶巧克力糖果儿童零食休闲食品180g袋装,,https://mall.jd.com/index-1000118801.html?from=pc,惠特克（whittakers）巧克力京东自营旗舰店,"自营
								品质溯源
								2件9折"
79.9,79.9,https://item.jd.com/100013499478.html,每日黑巧 醇粹黑巧多口味组合装202g,,每日黑巧 醇粹黑巧多口味组合装202g,,https://mall.jd.com/index-1000333084.html?from=pc,每日黑巧京东自营旗舰店,"自营
								品质溯源
								2件9折
								赠"
138,138,https://item.jd.com/100033318889.html,费列罗(FERRERO)榛果威化黑巧巧克力制品 婚庆喜糖零食伴手礼 节日礼物24粒礼盒装分享装300g,巧克力,"【费列罗健达巧克力*双11全球热爱季】10月20日20点火热开启，定金抢先付，尾款享立减！超值优惠享不停！加入会员领券且可抽超值大奖,点击查看更多优惠进入",,https://mall.jd.com/index-1000072521.html?from=pc,费列罗京东自营旗舰店,"自营
								新品
								满49-10
								赠"
29.5,29.5,https://item.jd.com/988552.html,M&M'S 妙趣畅享牛奶巧克力豆 270g桶装  休闲零食糖果礼物礼品（新旧包装随机发放）,巧克力,,50万+条评价,https://mall.jd.com/index-1000078502.html?from=pc,德芙京东自营旗舰店,自营
29.9,29.9,https://item.jd.com/100023850436.html,诺梵万圣节糖果礼盒儿童零食巧克力棒棒糖纯黑可可巧克力礼物,巧克力,诺梵万圣节糖果礼盒儿童零食巧克力棒棒糖纯黑可可巧克力礼物,,https://mall.jd.com/index-1000082422.html?from=pc,诺梵京东自营旗舰店,"自营
								新品
								每满25-10"
19.9,19.9,https://item.jd.com/100031966066.html,声歌里 纯黑巧克力100%可可脂含量无添加特苦巧克力男女朋友老婆情人节日礼物休闲零食婚庆伴手礼128g,巧克力,声歌里 纯黑巧克力100%可可脂含量无添加特苦巧克力男女朋友老婆情人节日礼物休闲零食婚庆伴手礼128g,,https://mall.jd.com/index-1000407241.html?from=pc,声歌里京东自营旗舰店,"自营
								跨店每满299-50
								2件9折"
158,158,https://item.jd.com/10022238461271.html,费列罗（FERRERO）巧克力礼盒48粒510g生日礼物送女友女朋友老婆万圣节糖果礼物婚庆喜糖伴手礼 心语恋歌礼盒,巧克力,【婚庆喜糖伴手礼】【结婚纪念日礼物】【巧克力】【生日礼物女生】【节日礼物】【买贵退差全店保价】,,https://mall.jd.com/index-10320501.html?from=pc,lovein旗舰店,"京东物流
								跨店每满299-50
								每满158-30
								赠"
198,198,https://item.jd.com/100033721744.html,Ferrero费列罗榛果威化巧克力万圣节礼物送儿童女友女朋友男朋友生日礼物礼盒装费列罗16颗唯美斯32颗600g,巧克力,Ferrero费列罗榛果威化巧克力万圣节礼物送儿童女友女朋友男朋友生日礼物礼盒装费列罗16颗唯美斯32颗600g,,https://mall.jd.com/index-1000386302.html?from=pc,全球好物京东自营专区,"自营
								2件8折"
36.9,36.9,https://item.jd.com/100042809969.html,瑞特滋（RitterSport ）软心立方夹心牛奶巧克力万圣节限定袋装 休闲零食 节日礼物 72g 德国进口,巧克力,瑞特滋（RitterSport ）软心立方夹心牛奶巧克力万圣节限定袋装 休闲零食 节日礼物 72g 德国进口,,https://mall.jd.com/index-1000114421.html?from=pc,瑞特滋京东自营旗舰店,"自营
								新品
								2件9折"
49.9,49.9,https://item.jd.com/100000491175.html,倍乐思（Beryl's）80%高纯可可黑巧克力礼盒 马来西亚进口婚庆喜糖伴手礼生日礼物礼品108g,巧克力,,,https://mall.jd.com/index-1000128744.html?from=pc,倍乐思Beryl's京东自营旗舰店,自营
98,98,https://item.jd.com/100029390702.html,瑞士莲（Lindt）限定冰山雪融黑巧克力175g（分享独立小包装）聚会送礼伴手礼,巧克力,意大利进口，600g软心精选量贩装，5种口味随心享，品味颗颗幼滑软心，(此商品不参加上述活动),,https://mall.jd.com/index-1000081022.html?from=pc,瑞士莲京东自营旗舰店,"自营
								2件9折"
128,128,https://item.jd.com/100027779664.html,Ferrero费列罗榛果威化巧克力万圣节礼物送儿童女友女朋友男朋友生日礼物情人节表白三色巧克力礼盒装324g,巧克力,Ferrero费列罗榛果威化巧克力万圣节礼物送儿童女友女朋友男朋友生日礼物情人节表白三色巧克力礼盒装324g,,https://mall.jd.com/index-1000394105.html?from=pc,Goufrais糖巧京东自营专区,"自营
								2件8折"
55,55,https://item.jd.com/100036125238.html,GODIVA歌帝梵 榛子立方牛奶巧克力5颗 伴手礼结婚喜糖进口巧克力休闲零食,巧克力,GODIVA歌帝梵 榛子立方牛奶巧克力5颗 伴手礼结婚喜糖进口巧克力休闲零食,,https://mall.jd.com/index-1000090791.html?from=pc,歌帝梵京东自营旗舰店,"自营
								2件8折"
69.9,69.9,https://item.jd.com/100025850430.html,M&M's m豆牛奶巧克力棒13g*12休闲零食生日礼物礼品,巧克力,【与你巧遇预售甜蜜】双11狂欢预售开启啦！甜蜜芙礼部分抢券满199减99元。更多美妙趣食，丝滑你的味蕾！点击速抢！查看,,https://mall.jd.com/index-1000078502.html?from=pc,德芙京东自营旗舰店,"自营
								券99-5"
79,79,https://item.jd.com/100008264429.html,Ferrero费列罗榛果威化果仁夹心巧克力万圣节礼物送儿童女友女朋友男朋友生日礼物情人节创意紫色礼盒装211g,巧克力,Ferrero费列罗榛果威化果仁夹心巧克力万圣节礼物送儿童女友女朋友男朋友生日礼物情人节创意紫色礼盒装211g,,https://mall.jd.com/index-1000386302.html?from=pc,全球好物京东自营专区,"自营
								2件8折"
258,258,https://item.jd.com/100018265891.html,歌帝梵GODIVA比利时进口夹心巧克力金装15枚万圣节礼物送儿童女友女朋友男朋友生日礼物情人节巧克力礼盒装,巧克力,,,https://mall.jd.com/index-1000351986.html?from=pc,GODIVA/歌帝梵京东自营专区,自营
99,99,https://item.jd.com/100010916104.html,爱普诗（Alpes d'Or）74%黑巧克力428g袋装瑞士进口黑巧公司福利办公室零食巧克力节日礼物,巧克力,爱普诗（Alpes d'Or）74%黑巧克力428g袋装瑞士进口黑巧公司福利办公室零食巧克力节日礼物,,https://mall.jd.com/index-1000303482.html?from=pc,爱普诗（Alpes d'Or）京东自营旗舰店,"自营
								品质溯源
								秒杀"
68.9,68.9,https://item.jd.com/100024773610.html,雀巢 Nestle 奇欧比黑巧克力麦丽素 纯巧脆星球巧克力制品 快乐桶 休闲零食下午茶 节日送礼桶装420g,巧克力,#【金六福&徐福记-双福齐聚】爆款每满199减20元，喜酒喜糖一站购，双喜临门，还有超值好礼相赠！点击查看,,https://mall.jd.com/index-1000089686.html?from=pc,徐福记京东自营旗舰店,"自营
								3件8折"
78,78,https://item.jd.com/100015093035.html,Ferrero费列罗榛果威化巧克力万圣节礼物送儿童女友女朋友男朋友生日礼物情人节表白员工福利伴手礼盒18粒装,巧克力,Ferrero费列罗榛果威化巧克力万圣节礼物送儿童女友女朋友男朋友生日礼物情人节表白员工福利伴手礼盒18粒装,,https://mall.jd.com/index-1000394105.html?from=pc,Goufrais糖巧京东自营专区,"自营
								2件8折"
25.8,25.8,https://item.jd.com/100007660910.html,德国进口 RitterSport 瑞特滋（原瑞特斯波德）秘鲁系列浓醇74%黑巧克力 休闲零食 节日礼物 100g,巧克力,德国进口 RitterSport 瑞特滋（原瑞特斯波德）秘鲁系列浓醇74%黑巧克力 休闲零食 节日礼物 100g,,https://mall.jd.com/index-1000114421.html?from=pc,瑞特滋京东自营旗舰店,"自营
								2件9折"
19.9,19.9,https://item.jd.com/100005043053.html,诺梵纯黑可可脂黑巧克力休闲零食万圣节糖果礼盒生日礼物女送女友巧克力55%办公室零食喜糖110g,巧克力,诺梵纯黑可可脂黑巧克力休闲零食万圣节糖果礼盒生日礼物女送女友巧克力55%办公室零食喜糖110g,,https://mall.jd.com/index-1000082422.html?from=pc,诺梵京东自营旗舰店,"自营
								2件9折"
312.55,312.55,https://item.jd.com/27076130541.html,歌帝梵（Godiva） GODIVA歌帝梵欢享立方巧克力系列 结婚喜糖零食 美国进口零食伴手礼礼物 立方黑巧40颗装,巧克力,,,https://mall.jd.com/index-130035.html?from=pc,歌帝梵官方旗舰店,跨店每满299-50
169.9,169.9,https://item.jd.com/100037161099.html,魔吻（AMOVO）巧克力比利时进口原料万圣节限定礼盒送男友女友（骷髅与玫瑰）260克,巧克力,魔吻（AMOVO）巧克力比利时进口原料万圣节限定礼盒送男友女友（骷髅与玫瑰）260克,,https://mall.jd.com/index-1000089365.html?from=pc,魔吻京东自营旗舰店,"自营
								新品"
22.9,22.9,https://item.jd.com/508487.html,三角Toblerone瑞士进口白巧克力含蜂蜜及巴旦木糖果儿童休闲零食100g/条 生日礼物节日礼品,巧克力,三角Toblerone瑞士进口白巧克力含蜂蜜及巴旦木糖果儿童休闲零食100g/条 生日礼物节日礼品,,https://mall.jd.com/index-1000351622.html?from=pc,三角金象巧克力京东自营专区,"自营
								品质溯源
								2件9折"
19.9,19.9,https://item.jd.com/100023371220.html,怡浓可可脂牛奶巧克力生日礼物女鹿宝110g礼盒儿童休闲零食12支独立装,巧克力,怡浓可可脂牛奶巧克力生日礼物女鹿宝110g礼盒儿童休闲零食12支独立装,,https://mall.jd.com/index-1000089761.html?from=pc,怡浓京东自营旗舰店,"自营
								2件9折"
9.9,9.9,https://item.jd.com/100017310822.html,德芙 Dove 黑糖珍珠奶茶味软糖夹心巧克力礼物送女友30g,巧克力,【与你巧遇预售甜蜜】双11狂欢预售开启啦！甜蜜芙礼部分抢券满199减99元。更多美妙趣食，丝滑你的味蕾！点击速抢！查看,,https://mall.jd.com/index-1000078502.html?from=pc,德芙京东自营旗舰店,"自营
								券59-10
								3件8折"
21.9,21.9,https://item.jd.com/100026596025.html,古缇思代可可脂黑巧克力烘焙原料大板块1000g,巧克力,古缇思代可可脂黑巧克力烘焙原料大板块1000g,,https://mall.jd.com/index-1000356291.html?from=pc,古缇思京东自营旗舰店,"自营
								2件9折"
139.9,139.9,https://item.jd.com/730614.html,费列罗(FERRERO)榛果威化糖果巧克力制品 婚庆喜糖零食伴手礼 节日礼物员工福利 48粒礼盒装600g 金榜推荐,巧克力,,,https://mall.jd.com/index-1000072521.html?from=pc,费列罗京东自营旗舰店,自营
58.5,58.5,https://item.jd.com/530948.html,克特多金象（Cote d'Or）进口黑巧克力礼盒240g家庭分享装 儿童休闲零食 婚庆喜糖伴手礼生日礼物,巧克力,克特多金象（Cote d'Or）进口黑巧克力礼盒240g家庭分享装 儿童休闲零食 婚庆喜糖伴手礼生日礼物,,https://mall.jd.com/index-1000351622.html?from=pc,三角金象巧克力京东自营专区,"自营
								品质溯源
								2件9折"
62,62,https://item.jd.com/10056243466449.html,"京东国际	
澳洲进口 Maltesers麦提莎麦丽素麦芽脆牛奶夹心巧克力豆球儿童糖果物礼盒家庭分享桶装465g 牛奶巧克力 桶装465g",巧克力,限时百亿补贴，爆款直降，正品保障，京仓京配放心购~,,https://mall.jd.com/index-11888058.html?from=pc,京东国际精选旗舰店,"京东物流
								券59-5
								2件9.5折"
75,75,https://item.jd.com/3398917.html,"京东国际	
意大利进口 费列罗(FERRERO)榛果威化糖果巧克力 员工福利婚庆喜糖零食伴手礼节日礼物 30粒375g",巧克力,意大利原装进口费列罗，臻爱永恒，甜蜜共享。,,https://mall.jd.com/index-1000407943.html?from=pc,费列罗（FERRERO）海外京东自营旗舰店,"自营
								跨店每满299-50
								包税
								券99-10"
109,109,https://item.jd.com/34269851872.html,瑞士莲 Lindt软心精选夹心黑巧克力分享袋装进口冰山雪融可可婚庆喜糖喜酒生日礼物随手礼万圣节送女友 3口味黑巧600g,巧克力,瑞士莲 Lindt软心精选夹心黑巧克力分享袋装进口冰山雪融可可婚庆喜糖喜酒生日礼物随手礼万圣节送女友 3口味黑巧600g,,https://mall.jd.com/index-841496.html?from=pc,萨王纳官方旗舰店,每满199-20
19.9,19.9,https://item.jd.com/100000722838.html,怡浓可可脂黑巧克力55%可可含量苦甜均衡生日礼物喜糖休闲食品120g,巧克力,怡浓可可脂黑巧克力55%可可含量苦甜均衡生日礼物喜糖休闲食品120g,,https://mall.jd.com/index-1000089761.html?from=pc,怡浓京东自营旗舰店,"自营
								2件9折"
398,398,https://item.jd.com/100032537576.html,歌帝梵GODIVA比利时进口松露15枚万圣节礼物送儿童女友女朋友男朋友生日礼物情人节表白巧克力礼盒装,巧克力,,,https://mall.jd.com/index-1000351986.html?from=pc,GODIVA/歌帝梵京东自营专区,自营
26.9,26.9,https://item.jd.com/100016270470.html,魔吻 (AMOVO)无糖（麦芽糖醇）黑巧克力小熊棒棒糖儿童万圣节糖果网红零食生日情人节礼物送男友女友80g,巧克力,魔吻 (AMOVO)无糖（麦芽糖醇）黑巧克力小熊棒棒糖儿童万圣节糖果网红零食生日情人节礼物送男友女友80g,,https://mall.jd.com/index-1000089365.html?from=pc,魔吻京东自营旗舰店,自营
18,18,https://item.jd.com/1899002.html,明治（Meiji）特纯黑巧克力56% 75g,巧克力,明治（Meiji）特纯黑巧克力56% 75g,,https://mall.jd.com/index-1000118190.html?from=pc,明治京东自营旗舰店,"自营
								3件8折"
9.9,9.9,https://item.jd.com/100018395445.html,古缇思可可脂巧克力豆烘焙原料耐烤耐高温曲奇蛋糕可可豆100g,巧克力,古缇思可可脂巧克力豆烘焙原料耐烤耐高温曲奇蛋糕可可豆100g,,https://mall.jd.com/index-1000356291.html?from=pc,古缇思京东自营旗舰店,"自营
								2件9折"
23.8,23.8,https://item.jd.com/100014964486.html,狄妮诗  （Swiss Delice）瑞士进口  香醇黑巧克力 125g袋装 可可固体含量72%,巧克力,双十一提前嗨，幸好有你！京东超值大牌费列罗【点击领取】(此商品不参加上述活动),,https://mall.jd.com/index-1000349103.html?from=pc,狄妮诗京东自营旗舰店,"自营
								2件9折"
33,33,https://item.jd.com/319402.html,瑞士莲（Lindt）特醇排装70%可可黑巧克力100g口味均独特醇香,巧克力,意大利进口，600g软心精选量贩装，5种口味随心享，品味颗颗幼滑软心，(此商品不参加上述活动),,https://mall.jd.com/index-1000081022.html?from=pc,瑞士莲京东自营旗舰店,"自营
								定期
								品质溯源
								169元5件"
99,99,https://item.jd.com/10034454979414.html,歌帝梵（Godiva） 进口巧克力礼盒生日礼物女生女朋友,巧克力,,,https://mall.jd.com/index-755041.html?from=pc,多唯呀礼盒旗舰店,跨店每满299-50
19.9,19.9,https://item.jd.com/100013523049.html,怡浓草莓味可可脂巧克力生日礼物飞行兔110g礼盒儿童休闲零食12支独立装,巧克力,怡浓草莓味可可脂巧克力生日礼物飞行兔110g礼盒儿童休闲零食12支独立装,,https://mall.jd.com/index-1000089761.html?from=pc,怡浓京东自营旗舰店,"自营
								2件9折"
65,65,https://item.jd.com/32118739562.html,意大利进口费列罗FERRERO榛果威化糖果牛奶巧克力金莎T30粒礼盒杂莎送女友表白婚庆喜糖喜酒伴手礼 费列罗金莎30粒*1,巧克力,费列罗30粒金莎日期新，到23年2月左右，欢迎选购团购,,https://mall.jd.com/index-841496.html?from=pc,萨王纳官方旗舰店,"闪购
								每满65-3"
24.9,24.9,https://item.jd.com/10022757565474.html,卜珂零点 速溶松露黑巧克力礼盒装零食网红糖果散装送礼物（代可可脂）送女友礼物 408g桶装,巧克力,卜珂零点 速溶松露黑巧克力礼盒装零食网红糖果散装送礼物（代可可脂）送女友礼物 408g桶装,,https://mall.jd.com/index-25000.html?from=pc,卜珂官方旗舰店,
34.9,34.9,https://item.jd.com/30494640062.html,德芙（Dove） 巧克力礼盒装情人节万圣节儿童节圣诞节棒棒糖果零食大礼包生日礼物送女友 不捣蛋系列,巧克力,德芙（Dove） 巧克力礼盒装情人节万圣节儿童节圣诞节棒棒糖果零食大礼包生日礼物送女友 不捣蛋系列,,https://mall.jd.com/index-52560.html?from=pc,老何糖果食品专营店,"京东物流
								闪购
								免邮"
12.9,12.9,https://item.jd.com/100027776219.html,初见半夏流心熔岩代可可脂巧克力四种口味混合装夹心108g,巧克力,初见半夏流心熔岩代可可脂巧克力四种口味混合装夹心108g,,https://mall.jd.com/index-1000425989.html?from=pc,初见半夏京东自营旗舰店,"自营
								2件9折"
268.9,268.9,https://item.jd.com/730618.html,费列罗(FERRERO)榛果威化糖果巧克力制品 节日礼物休闲零食 婚庆喜糖零食伴手礼  96粒婚礼装1200g,巧克力,,,https://mall.jd.com/index-1000072521.html?from=pc,费列罗京东自营旗舰店,自营
46.9,46.9,https://item.jd.com/100039053897.html,德芙香浓黑巧克力6克散糖450g 婚庆糖果巧克力 休闲办公室零食 送礼物,巧克力,【与你巧遇预售甜蜜】双11狂欢预售开启啦！甜蜜芙礼部分抢券满199减99元。更多美妙趣食，丝滑你的味蕾！点击速抢！查看,,https://mall.jd.com/index-1000078502.html?from=pc,德芙京东自营旗舰店,自营
23.8,23.8,https://item.jd.com/10034589380088.html,德芙巧克力丝滑牛奶香浓黑巧222g盒装情人节礼物送女友结婚婚庆喜糖果情人节七夕三八女节送礼零食 【1盒】德芙盒装224g-丝滑牛奶,巧克力,微苦不甜腻香浓黑巧,,https://mall.jd.com/index-655610.html?from=pc,亦泓食品专营店,
59.9,59.9,https://item.jd.com/100018717310.html,每日黑巧 醇萃小方152g（30片）三种口味混合装 镭射盒巧克力制品瑞士进口黑巧克力 办公室糖果,巧克力,每日黑巧 醇萃小方152g（30片）三种口味混合装 镭射盒巧克力制品瑞士进口黑巧克力 办公室糖果,,https://mall.jd.com/index-1000333084.html?from=pc,每日黑巧京东自营旗舰店,"自营
								品质溯源
								2件9折
								满赠"
26.5,26.5,https://item.jd.com/10039173649587.html,德芙（DOVE） 心语混合夹巧克力礼盒装心形牛奶巧克力万圣节糖果生日礼物送小孩老婆福利批发伴手礼 德芙心形18枚金色礼盒（JD物流 就近仓库发）,巧克力,【万圣节糖果礼盒送小孩】【全店补贴一直保价】【限时优惠下单立减】【生日礼物女生】【7天无理由退换货】【8仓发货定时送达】教师节中秋节主会场,,https://mall.jd.com/index-866166.html?from=pc,可达鸭官方旗舰店,"京东物流
								跨店每满299-50"
99,99,https://item.jd.com/100022295750.html,朵娜贝拉Dorabella比利时进口巧克力礼盒装结婚喜糖零食糖果大礼包伴手礼男生送女友万圣节情人节生日礼物,巧克力,朵娜贝拉Dorabella比利时进口巧克力礼盒装结婚喜糖零食糖果大礼包伴手礼男生送女友万圣节情人节生日礼物,,https://mall.jd.com/index-1000353903.html?from=pc,朵娜贝拉（Dorabella）京东自营旗舰店,"自营
								赠"
139.9,139.9,https://item.jd.com/100045215107.html,费列罗(FERRERO)臻品威化糖果巧克力制品 节日礼物婚庆喜糖伴手礼 32粒礼盒装364.3g（新老款随机发货）,巧克力,,,https://mall.jd.com/index-1000072521.html?from=pc,费列罗京东自营旗舰店,自营
42,42,https://item.jd.com/37368023542.html,松尾（tyoro）日本原装进口 松尾TIROL多彩什锦夹心巧克力163g情人节节日礼物结婚喜糖零食,巧克力,彩色独立小包装，造型精致可爱，一块入口丝滑软糯，齿尖便充满可可香~,,https://mall.jd.com/index-196822.html?from=pc,智恒达商冲调专营店,"京东物流
								赠"
69,69,https://item.jd.com/100000694594.html,澳洲进口 Maltesers麦提莎麦丽素麦芽脆牛奶夹心巧克力 员工福利零食伴手礼 节日礼物 家庭分享桶装465g,巧克力,澳洲原装进口麦提莎，尽情享受清脆美味。,,https://mall.jd.com/index-1000422453.html?from=pc,麦提莎（Maltesers）海外京东自营旗舰店,"自营
								跨店每满299-50
								包税
								每满300-30"
98,98,https://item.jd.com/100016164339.html,瑞士莲（Lindt）冰山雪融混合口味巧克力175g*1盒,巧克力,意大利进口，600g软心精选量贩装，5种口味随心享，品味颗颗幼滑软心，(此商品不参加上述活动),,https://mall.jd.com/index-1000081022.html?from=pc,瑞士莲京东自营旗舰店,"自营
								2件9折"
9.9,9.9,https://item.jd.com/10039960102449.html,其妙 每日100%纯黑巧克力120g纯可可脂苦巧克力块健身食品巧克力办公室休闲零食 58%可可【甜苦适中】,巧克力,其妙 每日100%纯黑巧克力120g纯可可脂苦巧克力块健身食品巧克力办公室休闲零食 58%可可【甜苦适中】,,https://mall.jd.com/index-138899.html?from=pc,香客食品专营店,"跨店每满299-50
								券99-10
								3免1"
18,18,https://item.jd.com/1878723.html,明治（Meiji）特浓牛奶巧克力 75g,巧克力,明治（Meiji）特浓牛奶巧克力 75g,,https://mall.jd.com/index-1000118190.html?from=pc,明治京东自营旗舰店,"自营
								3件8折"
19.9,19.9,https://item.jd.com/100001194205.html,诺梵 纯黑巧克力礼盒72%可可含量微苦万圣节糖果礼盒送女友高纯黑巧克力休闲零食婚庆零食130g,巧克力,诺梵 纯黑巧克力礼盒72%可可含量微苦万圣节糖果礼盒送女友高纯黑巧克力休闲零食婚庆零食130g,,https://mall.jd.com/index-1000082422.html?from=pc,诺梵京东自营旗舰店,"自营
								2件9折"
89,89,https://item.jd.com/2028166.html,吉利莲（Guylian ）比利时进口贝壳海马形榛子夹心巧克力 喜糖果零食万圣节生日礼物女 11款造型礼盒装250g,巧克力,"【比利时进口】活动到手价：69元，坚持选用优质西非可可果为原料，味蕾享受，浪漫启航，分享幸福，留住感动，客服热线：17317103264,更多猛戳~",,https://mall.jd.com/index-1000372082.html?from=pc,吉利莲官方京东自营旗舰店,"自营
								每满89-20"
88,88,https://item.jd.com/10056706943357.html,senz心之 巧克力 黑巧礼盒装进口纯可可脂纯黑巧克力烘焙零食七夕情人节礼物 炫彩礼盒（40片装）,巧克力,比利时工艺，纯可可脂，新鲜配送！五口味混合装礼盒！代写贺卡请联系客服备注！,,https://mall.jd.com/index-12205497.html?from=pc,千行食品饮料专营店,"跨店每满299-50
								2件9.5折"
20.9,20.9,https://item.jd.com/100015057426.html,雀巢（Nestle）金装 菘露莓莓黑巧克力 冻干草莓夹心巧克力盒装40g 休闲零食下午茶 送礼礼物,巧克力,#【金六福&徐福记-双福齐聚】爆款每满199减20元，喜酒喜糖一站购，双喜临门，还有超值好礼相赠！点击查看,,https://mall.jd.com/index-1000089686.html?from=pc,徐福记京东自营旗舰店,"自营
								3件8折"
32,32,https://item.jd.com/710311.html,瑞士莲（Lindt）瑞士进口软心 - 小块装特浓黑巧克力100g（100% 瑞士原装进口）,巧克力,意大利进口，600g软心精选量贩装，5种口味随心享，品味颗颗幼滑软心，(此商品不参加上述活动),,https://mall.jd.com/index-1000081022.html?from=pc,瑞士莲京东自营旗舰店,"自营
								品质溯源
								169元5件"
29.5,29.5,https://item.jd.com/988552.html,M&M'S 妙趣畅享牛奶巧克力豆 270g桶装  休闲零食糖果礼物礼品（新旧包装随机发放）,巧克力,,50万+条评价,https://mall.jd.com/index-1000078502.html?from=pc,德芙京东自营旗舰店,自营
29.9,29.9,https://item.jd.com/100023850436.html,诺梵万圣节糖果礼盒儿童零食巧克力棒棒糖纯黑可可巧克力礼物,巧克力,诺梵万圣节糖果礼盒儿童零食巧克力棒棒糖纯黑可可巧克力礼物,,https://mall.jd.com/index-1000082422.html?from=pc,诺梵京东自营旗舰店,"自营
								新品
								每满25-10"
19.9,19.9,https://item.jd.com/100031966066.html,声歌里 纯黑巧克力100%可可脂含量无添加特苦巧克力男女朋友老婆情人节日礼物休闲零食婚庆伴手礼128g,巧克力,声歌里 纯黑巧克力100%可可脂含量无添加特苦巧克力男女朋友老婆情人节日礼物休闲零食婚庆伴手礼128g,,https://mall.jd.com/index-1000407241.html?from=pc,声歌里京东自营旗舰店,"自营
								跨店每满299-50
								2件9折"
158,158,https://item.jd.com/10022238461271.html,费列罗（FERRERO）巧克力礼盒48粒510g生日礼物送女友女朋友老婆万圣节糖果礼物婚庆喜糖伴手礼 心语恋歌礼盒,巧克力,【婚庆喜糖伴手礼】【结婚纪念日礼物】【巧克力】【生日礼物女生】【节日礼物】【买贵退差全店保价】,,https://mall.jd.com/index-10320501.html?from=pc,lovein旗舰店,"京东物流
								跨店每满299-50
								每满158-30
								赠"
198,198,https://item.jd.com/100033721744.html,Ferrero费列罗榛果威化巧克力万圣节礼物送儿童女友女朋友男朋友生日礼物礼盒装费列罗16颗唯美斯32颗600g,巧克力,Ferrero费列罗榛果威化巧克力万圣节礼物送儿童女友女朋友男朋友生日礼物礼盒装费列罗16颗唯美斯32颗600g,10万+条评价,https://mall.jd.com/index-1000386302.html?from=pc,全球好物京东自营专区,"自营
								2件8折"
36.9,36.9,https://item.jd.com/100042809969.html,瑞特滋（RitterSport ）软心立方夹心牛奶巧克力万圣节限定袋装 休闲零食 节日礼物 72g 德国进口,巧克力,瑞特滋（RitterSport ）软心立方夹心牛奶巧克力万圣节限定袋装 休闲零食 节日礼物 72g 德国进口,500+条评价,https://mall.jd.com/index-1000114421.html?from=pc,瑞特滋京东自营旗舰店,"自营
								新品
								2件9折"
49.9,49.9,https://item.jd.com/100000491175.html,倍乐思（Beryl's）80%高纯可可黑巧克力礼盒 马来西亚进口婚庆喜糖伴手礼生日礼物礼品108g,巧克力,,5万+条评价,https://mall.jd.com/index-1000128744.html?from=pc,倍乐思Beryl's京东自营旗舰店,自营
98,98,https://item.jd.com/100029390702.html,瑞士莲（Lindt）限定冰山雪融黑巧克力175g（分享独立小包装）聚会送礼伴手礼,巧克力,意大利进口，600g软心精选量贩装，5种口味随心享，品味颗颗幼滑软心，(此商品不参加上述活动),1000+条评价,https://mall.jd.com/index-1000081022.html?from=pc,瑞士莲京东自营旗舰店,"自营
								2件9折"
128,128,https://item.jd.com/100027779664.html,Ferrero费列罗榛果威化巧克力万圣节礼物送儿童女友女朋友男朋友生日礼物情人节表白三色巧克力礼盒装324g,巧克力,Ferrero费列罗榛果威化巧克力万圣节礼物送儿童女友女朋友男朋友生日礼物情人节表白三色巧克力礼盒装324g,5万+条评价,https://mall.jd.com/index-1000394105.html?from=pc,Goufrais糖巧京东自营专区,"自营
								2件8折"
55,55,https://item.jd.com/100036125238.html,GODIVA歌帝梵 榛子立方牛奶巧克力5颗 伴手礼结婚喜糖进口巧克力休闲零食,巧克力,GODIVA歌帝梵 榛子立方牛奶巧克力5颗 伴手礼结婚喜糖进口巧克力休闲零食,2000+条评价,https://mall.jd.com/index-1000090791.html?from=pc,歌帝梵京东自营旗舰店,"自营
								2件8折"
69.9,69.9,https://item.jd.com/100025850430.html,M&M's m豆牛奶巧克力棒13g*12休闲零食生日礼物礼品,巧克力,【与你巧遇预售甜蜜】双11狂欢预售开启啦！甜蜜芙礼部分抢券满199减99元。更多美妙趣食，丝滑你的味蕾！点击速抢！查看,50万+条评价,https://mall.jd.com/index-1000078502.html?from=pc,德芙京东自营旗舰店,"自营
								券99-5"
79,79,https://item.jd.com/100008264429.html,Ferrero费列罗榛果威化果仁夹心巧克力万圣节礼物送儿童女友女朋友男朋友生日礼物情人节创意紫色礼盒装211g,巧克力,Ferrero费列罗榛果威化果仁夹心巧克力万圣节礼物送儿童女友女朋友男朋友生日礼物情人节创意紫色礼盒装211g,10万+条评价,https://mall.jd.com/index-1000386302.html?from=pc,全球好物京东自营专区,"自营
								2件8折"
258,258,https://item.jd.com/100018265891.html,歌帝梵GODIVA比利时进口夹心巧克力金装15枚万圣节礼物送儿童女友女朋友男朋友生日礼物情人节巧克力礼盒装,巧克力,,2万+条评价,https://mall.jd.com/index-1000351986.html?from=pc,GODIVA/歌帝梵京东自营专区,自营
99,99,https://item.jd.com/100010916104.html,爱普诗（Alpes d'Or）74%黑巧克力428g袋装瑞士进口黑巧公司福利办公室零食巧克力节日礼物,巧克力,爱普诗（Alpes d'Or）74%黑巧克力428g袋装瑞士进口黑巧公司福利办公室零食巧克力节日礼物,20万+条评价,https://mall.jd.com/index-1000303482.html?from=pc,爱普诗（Alpes d'Or）京东自营旗舰店,"自营
								品质溯源
								秒杀"
68.9,68.9,https://item.jd.com/100024773610.html,雀巢 Nestle 奇欧比黑巧克力麦丽素 纯巧脆星球巧克力制品 快乐桶 休闲零食下午茶 节日送礼桶装420g,巧克力,#【金六福&徐福记-双福齐聚】爆款每满199减20元，喜酒喜糖一站购，双喜临门，还有超值好礼相赠！点击查看,10万+条评价,https://mall.jd.com/index-1000089686.html?from=pc,徐福记京东自营旗舰店,"自营
								3件8折"
78,78,https://item.jd.com/100015093035.html,Ferrero费列罗榛果威化巧克力万圣节礼物送儿童女友女朋友男朋友生日礼物情人节表白员工福利伴手礼盒18粒装,巧克力,Ferrero费列罗榛果威化巧克力万圣节礼物送儿童女友女朋友男朋友生日礼物情人节表白员工福利伴手礼盒18粒装,5万+条评价,https://mall.jd.com/index-1000394105.html?from=pc,Goufrais糖巧京东自营专区,"自营
								2件8折"
25.8,25.8,https://item.jd.com/100007660910.html,德国进口 RitterSport 瑞特滋（原瑞特斯波德）秘鲁系列浓醇74%黑巧克力 休闲零食 节日礼物 100g,巧克力,德国进口 RitterSport 瑞特滋（原瑞特斯波德）秘鲁系列浓醇74%黑巧克力 休闲零食 节日礼物 100g,50万+条评价,https://mall.jd.com/index-1000114421.html?from=pc,瑞特滋京东自营旗舰店,"自营
								2件9折"
19.9,19.9,https://item.jd.com/100005043053.html,诺梵纯黑可可脂黑巧克力休闲零食万圣节糖果礼盒生日礼物女送女友巧克力55%办公室零食喜糖110g,巧克力,诺梵纯黑可可脂黑巧克力休闲零食万圣节糖果礼盒生日礼物女送女友巧克力55%办公室零食喜糖110g,10万+条评价,https://mall.jd.com/index-1000082422.html?from=pc,诺梵京东自营旗舰店,"自营
								2件9折"
312.55,312.55,https://item.jd.com/27076130541.html,歌帝梵（Godiva） GODIVA歌帝梵欢享立方巧克力系列 结婚喜糖零食 美国进口零食伴手礼礼物 立方黑巧40颗装,巧克力,,5000+条评价,https://mall.jd.com/index-130035.html?from=pc,歌帝梵官方旗舰店,跨店每满299-50
169.9,169.9,https://item.jd.com/100037161099.html,魔吻（AMOVO）巧克力比利时进口原料万圣节限定礼盒送男友女友（骷髅与玫瑰）260克,巧克力,魔吻（AMOVO）巧克力比利时进口原料万圣节限定礼盒送男友女友（骷髅与玫瑰）260克,5万+条评价,https://mall.jd.com/index-1000089365.html?from=pc,魔吻京东自营旗舰店,"自营
								新品"
22.9,22.9,https://item.jd.com/508487.html,三角Toblerone瑞士进口白巧克力含蜂蜜及巴旦木糖果儿童休闲零食100g/条 生日礼物节日礼品,巧克力,三角Toblerone瑞士进口白巧克力含蜂蜜及巴旦木糖果儿童休闲零食100g/条 生日礼物节日礼品,50万+条评价,https://mall.jd.com/index-1000351622.html?from=pc,三角金象巧克力京东自营专区,"自营
								品质溯源
								2件9折"
19.9,19.9,https://item.jd.com/100023371220.html,怡浓可可脂牛奶巧克力生日礼物女鹿宝110g礼盒儿童休闲零食12支独立装,巧克力,怡浓可可脂牛奶巧克力生日礼物女鹿宝110g礼盒儿童休闲零食12支独立装,5万+条评价,https://mall.jd.com/index-1000089761.html?from=pc,怡浓京东自营旗舰店,"自营
								2件9折"
9.9,9.9,https://item.jd.com/100017310822.html,德芙 Dove 黑糖珍珠奶茶味软糖夹心巧克力礼物送女友30g,巧克力,【与你巧遇预售甜蜜】双11狂欢预售开启啦！甜蜜芙礼部分抢券满199减99元。更多美妙趣食，丝滑你的味蕾！点击速抢！查看,20万+条评价,https://mall.jd.com/index-1000078502.html?from=pc,德芙京东自营旗舰店,"自营
								券59-10
								3件8折"
21.9,21.9,https://item.jd.com/100026596025.html,古缇思代可可脂黑巧克力烘焙原料大板块1000g,巧克力,古缇思代可可脂黑巧克力烘焙原料大板块1000g,1万+条评价,https://mall.jd.com/index-1000356291.html?from=pc,古缇思京东自营旗舰店,"自营
								2件9折"
139.9,139.9,https://item.jd.com/730614.html,费列罗(FERRERO)榛果威化糖果巧克力制品 婚庆喜糖零食伴手礼 节日礼物员工福利 48粒礼盒装600g 金榜推荐,巧克力,,200万+条评价,https://mall.jd.com/index-1000072521.html?from=pc,费列罗京东自营旗舰店,自营
58.5,58.5,https://item.jd.com/530948.html,克特多金象（Cote d'Or）进口黑巧克力礼盒240g家庭分享装 儿童休闲零食 婚庆喜糖伴手礼生日礼物,巧克力,克特多金象（Cote d'Or）进口黑巧克力礼盒240g家庭分享装 儿童休闲零食 婚庆喜糖伴手礼生日礼物,5万+条评价,https://mall.jd.com/index-1000351622.html?from=pc,三角金象巧克力京东自营专区,"自营
								品质溯源
								2件9折"
62,62,https://item.jd.com/10056243466449.html,"京东国际	
澳洲进口 Maltesers麦提莎麦丽素麦芽脆牛奶夹心巧克力豆球儿童糖果物礼盒家庭分享桶装465g 牛奶巧克力 桶装465g",巧克力,限时百亿补贴，爆款直降，正品保障，京仓京配放心购~,500+条评价,https://mall.jd.com/index-11888058.html?from=pc,京东国际精选旗舰店,"京东物流
								券59-5
								2件9.5折"
75,75,https://item.jd.com/3398917.html,"京东国际	
意大利进口 费列罗(FERRERO)榛果威化糖果巧克力 员工福利婚庆喜糖零食伴手礼节日礼物 30粒375g",巧克力,意大利原装进口费列罗，臻爱永恒，甜蜜共享。,20万+条评价,https://mall.jd.com/index-1000407943.html?from=pc,费列罗（FERRERO）海外京东自营旗舰店,"自营
								跨店每满299-50
								包税
								券99-10"
109,109,https://item.jd.com/34269851872.html,瑞士莲 Lindt软心精选夹心黑巧克力分享袋装进口冰山雪融可可婚庆喜糖喜酒生日礼物随手礼万圣节送女友 3口味黑巧600g,巧克力,瑞士莲 Lindt软心精选夹心黑巧克力分享袋装进口冰山雪融可可婚庆喜糖喜酒生日礼物随手礼万圣节送女友 3口味黑巧600g,2000+条评价,https://mall.jd.com/index-841496.html?from=pc,萨王纳官方旗舰店,每满199-20
19.9,19.9,https://item.jd.com/100000722838.html,怡浓可可脂黑巧克力55%可可含量苦甜均衡生日礼物喜糖休闲食品120g,巧克力,怡浓可可脂黑巧克力55%可可含量苦甜均衡生日礼物喜糖休闲食品120g,20万+条评价,https://mall.jd.com/index-1000089761.html?from=pc,怡浓京东自营旗舰店,"自营
								2件9折"
139.9,139.9,https://item.jd.com/100045215547.html,费列罗(FERRERO)榛果威化糖果巧克力制品 婚庆喜糖节日团聚送礼 32粒礼盒装400g（新老款随机发货）,巧克力,,,https://mall.jd.com/index-1000072521.html?from=pc,费列罗京东自营旗舰店,自营
49,49,https://item.jd.com/72388053315.html,德芙（Dove） 巧克力礼盒装含糖果金球万圣节糖果情人节送女友浪漫表白生日礼物喜糖伴手礼休闲零食礼包 38颗金球巧克力粉色礼盒,巧克力,部分款式为京仓直发，到货速度快，如急用建议优先考虑，520情人节礼物，生日礼物，母亲节礼物，商家仓发的款可备注赠送卡片，多个套餐可选择,,https://mall.jd.com/index-71090.html?from=pc,雅玫食品专营店,"京东物流
								跨店每满1000-100
								2件8折"
32,32,https://item.jd.com/100013080988.html,巧乐思可可脂麦丽素桶装520g牛奶巧克力脆心生日礼物经典怀旧零食送女友,巧克力,巧乐思可可脂麦丽素桶装520g牛奶巧克力脆心生日礼物经典怀旧零食送女友,,https://mall.jd.com/index-1000328942.html?from=pc,巧乐思京东自营旗舰店,"自营
								2件9折"
99,99,https://item.jd.com/10029451725411.html,德芙（Dove） 巧克力礼盒生日礼物女生万圣节糖果礼盒装礼物零食情人节礼物送女友朋友老婆糖果268g 德芙巧克力和伊诺滋巧克力组合装,巧克力,【新人首单再减】【万圣节糖果礼物】【全国八仓发货】【生日礼物】【结婚纪念日礼物】【送女友送老婆】【买贵退差，保价】【15天无理由退换货】【店铺更多好物，查看】,,https://mall.jd.com/index-657104.html?from=pc,多唯呀巧克力旗舰店,"京东物流
								满99-20"
39,39,https://item.jd.com/72388053313.html,德芙（Dove） 巧克力礼盒装含糖果金球万圣节糖果情人节送女友浪漫表白生日礼物喜糖伴手礼休闲零食礼包 12颗金球巧克力粉色礼盒,巧克力,部分款式为京仓直发，到货速度快，如急用建议优先考虑，520情人节礼物，生日礼物，母亲节礼物，商家仓发的款可备注赠送卡片，多个套餐可选择,,https://mall.jd.com/index-71090.html?from=pc,雅玫食品专营店,"京东物流
								跨店每满1000-100
								2件8折"
59.8,59.8,https://item.jd.com/29644095084.html,爱普诗万圣节巧克力礼盒 比利时进口 十口味夹心巧克力礼盒 生日礼物女 送女朋友 婚庆伴手礼盒 送礼袋 10口味108g骑士礼盒【保质期至23年6月】,巧克力,爱普诗万圣节巧克力礼盒 比利时进口 十口味夹心巧克力礼盒 生日礼物女 送女朋友 婚庆伴手礼盒 送礼袋 10口味108g骑士礼盒【保质期至23年6月】,,https://mall.jd.com/index-188437.html?from=pc,爱普诗旗舰店,"京东物流
								跨店每满299-50
								秒杀"
48.9,48.9,https://item.jd.com/100005229910.html,德芙（Dove）丝滑牛奶巧克力4.5g 代言人同款 婚庆喜糖节日礼物 500g,巧克力,,,https://mall.jd.com/index-1000078502.html?from=pc,德芙京东自营旗舰店,自营
79.9,79.9,https://item.jd.com/100028620208.html,费列罗(FERRERO)T30意大利进口榛果威化糖果巧克力 30粒礼盒装375g,巧克力,双十一提前嗨，幸好有你！京东超值大牌费列罗【点击领取】(此商品不参加上述活动),,,,"自营
								2件9折"
43.89,43.89,https://item.jd.com/100000484010.html,倍乐思（Beryl's）手工黑白巧克力礼盒 马来西亚进口婚庆喜糖零食伴手礼送女友生日礼物礼品85g,巧克力,【11.11提前购】进口食力好物，低至8折！【叠加领券】满129享9折，随心凑！！》》,,https://mall.jd.com/index-1000128744.html?from=pc,倍乐思Beryl's京东自营旗舰店,"自营
								品质溯源"
19.9,19.9,https://item.jd.com/1919433.html,怡浓可可脂黑巧克力78%可可含量偏苦生日礼物喜糖休闲零食120g,巧克力,怡浓可可脂黑巧克力78%可可含量偏苦生日礼物喜糖休闲零食120g,,https://mall.jd.com/index-1000089761.html?from=pc,怡浓京东自营旗舰店,"自营
								2件9折"
39.9,39.9,https://item.jd.com/100016452768.html,德国进口萨洛缇黑白小熊牛奶巧克力100g盒装 儿童巧克力礼盒 万圣节糖果 生日礼物 休闲零食 内卡可涂鸦,巧克力,德国进口萨洛缇黑白小熊牛奶巧克力100g盒装 儿童巧克力礼盒 万圣节糖果 生日礼物 休闲零食 内卡可涂鸦,,https://mall.jd.com/index-1000303482.html?from=pc,爱普诗（Alpes d'Or）京东自营旗舰店,"自营
								品质溯源
								2件9折"
19.9,19.9,https://item.jd.com/1912321.html,怡浓100%可可黑巧克力礼盒苦醇可可脂糖果生日礼物办公室休闲零食120g,巧克力,怡浓100%可可黑巧克力礼盒苦醇可可脂糖果生日礼物办公室休闲零食120g,,https://mall.jd.com/index-1000089761.html?from=pc,怡浓京东自营旗舰店,"自营
								2件9折"
149.9,149.9,https://item.jd.com/100023364329.html,费列罗(FERRERO)榛果威化糖果巧克力 婚庆喜糖零食伴手礼 情人节礼物48粒礼盒装600g,巧克力,,,https://mall.jd.com/index-1000072521.html?from=pc,费列罗京东自营旗舰店,自营
110.8,110.8,https://item.jd.com/2439487.html,魔吻（AMOVO）棒棒糖情人节万圣节糖果巧克力礼盒生日礼物送女友零食(萌心)150g,巧克力,心形棒棒糖创意设计,,https://mall.jd.com/index-1000089365.html?from=pc,魔吻京东自营旗舰店,自营
15.6,15.6,https://item.jd.com/10042584941920.html,康美纳卡 白俄罗斯进口 黑巧克力高浓度精选纯可可脂牛奶果仁巧克力休闲零食黑巧克力100g 黑巧克力（85%可可）,巧克力,单笔订单满49元+7元可换购100g牛奶巧克力一块【在购物车中换购】,,https://mall.jd.com/index-11697048.html?from=pc,白俄罗斯进口馆,"京东物流
								跨店每满299-50
								秒杀
								2件9折"
14.9,14.9,https://item.jd.com/10044447205210.html,康美纳卡 白俄罗斯进口 黑巧克力高浓度精选纯可可脂运动健身黑巧克力休闲零食黑巧克力90g装 黑巧克力90g  (90%可可）,巧克力,单笔订单满49元+7元可换购100g牛奶巧克力一块【在购物车中换购】,,https://mall.jd.com/index-11697048.html?from=pc,白俄罗斯进口馆,"京东物流
								跨店每满299-50
								2件9折"
79,79,https://item.jd.com/100026384136.html,德芙Dove巧克力万圣节礼物送儿童女友女朋友男朋友生日礼物情人节表白巧克力糖果零食高端双心创意礼盒装,巧克力,德芙Dove巧克力万圣节礼物送儿童女友女朋友男朋友生日礼物情人节表白巧克力糖果零食高端双心创意礼盒装,,https://mall.jd.com/index-1000386302.html?from=pc,全球好物京东自营专区,"自营
								2件8折"
76.5,76.5,https://item.jd.com/10046155996988.html,{俄罗斯国家馆}126块*15克实惠装 俄罗斯黑巧克力原装进口零食 630克一盒（42块*15克） 黑巧味1盒,巧克力,俄罗斯国家馆,,https://mall.jd.com/index-10024437.html?from=pc,俄罗斯国家馆,跨店每满1000-100
19.9,19.9,https://item.jd.com/4044851.html,诺梵纯黑可可脂礼物巧克力100%特苦无添加蔗糖万圣节糖果礼盒生日礼物女送女友高纯黑巧休闲零食婚庆130g,巧克力,,,https://mall.jd.com/index-1000082422.html?from=pc,诺梵京东自营旗舰店,自营
19.9,19.9,https://item.jd.com/100017884213.html,声歌里 黑巧克力 72%可可脂含量无蔗糖纯黑巧克力小孩男女朋友老婆情人节日礼物休闲零食伴手礼木糖醇128g,巧克力,声歌里 黑巧克力 72%可可脂含量无蔗糖纯黑巧克力小孩男女朋友老婆情人节日礼物休闲零食伴手礼木糖醇128g,,https://mall.jd.com/index-1000407241.html?from=pc,声歌里京东自营旗舰店,"自营
								跨店每满299-50
								2件9折"
15.9,15.9,https://item.jd.com/68919441313.html,赞誉 国产俄罗斯风味大榛子巧克力整颗榛仁果仁夹心大板礼盒女友礼物新品 100克X1块,巧克力,俄罗斯国家馆官方认证！一块包邮,,https://mall.jd.com/index-10024437.html?from=pc,俄罗斯国家馆,跨店每满1000-100
39,39,https://item.jd.com/72388053314.html,德芙（Dove） 巧克力礼盒装含糖果金球万圣节糖果情人节送女友浪漫表白生日礼物喜糖伴手礼休闲零食礼包 12颗金球巧克力紫色礼盒,巧克力,部分款式为京仓直发，到货速度快，如急用建议优先考虑，520情人节礼物，生日礼物，母亲节礼物，商家仓发的款可备注赠送卡片，多个套餐可选择,,https://mall.jd.com/index-71090.html?from=pc,雅玫食品专营店,"京东物流
								跨店每满1000-100
								2件8折"
26.8,26.8,https://item.jd.com/72388053318.html,德芙（Dove） 巧克力礼盒装含糖果金球万圣节糖果情人节送女友浪漫表白生日礼物喜糖伴手礼休闲零食礼包 万圣节礼盒（南瓜双波板款）,巧克力,部分款式为京仓直发，到货速度快，如急用建议优先考虑，520情人节礼物，生日礼物，母亲节礼物，商家仓发的款可备注赠送卡片，多个套餐可选择,,https://mall.jd.com/index-71090.html?from=pc,雅玫食品专营店,"跨店每满1000-100
								2件8折"
29.9,29.9,https://item.jd.com/10568756543.html,好时（Hershey’s） 之吻巧克力礼盒装含糖果95g婚庆喜糖伴手礼万圣节糖果送男女孩生日活动礼品,巧克力,京仓直发，有赠礼品袋，适合商务、朋友送礼，多口味随机发送——爱TA就要告诉TA~送礼推荐礼盒~,,https://mall.jd.com/index-71090.html?from=pc,雅玫食品专营店,"京东物流
								跨店每满1000-100"
58.7,58.7,https://item.jd.com/10038251921962.html,士力架花生夹心巧克力1000g量贩装万圣节糖果礼物补充能量情人节礼物送女孩男孩糖果零食 原味散装1000g,巧克力,,,https://mall.jd.com/index-11592250.html?from=pc,德芙旗舰店,跨店每满299-50
93,93,https://item.jd.com/100026277980.html,德芙Dove巧克力万圣节礼物送儿童女友女朋友男朋友生日礼物情人节巧克力一路有你烫金双层手提式礼盒装212.5g,巧克力,德芙Dove巧克力万圣节礼物送儿童女友女朋友男朋友生日礼物情人节巧克力一路有你烫金双层手提式礼盒装212.5g,,https://mall.jd.com/index-1000386302.html?from=pc,全球好物京东自营专区,"自营
								2件8折"
11.9,11.9,https://item.jd.com/1178890.html,德芙 Dove代言人同款袋装奶香白巧克力 办公室休闲零食 婚庆糖果84g,巧克力,【与你巧遇预售甜蜜】双11狂欢预售开启啦！甜蜜芙礼部分抢券满199减99元。更多美妙趣食，丝滑你的味蕾！点击速抢！查看,,https://mall.jd.com/index-1000078502.html?from=pc,德芙京东自营旗舰店,"自营
								券59-5"
55,55,https://item.jd.com/100028159698.html,德芙Dove心语巧克力万圣节礼物送儿童女友女朋友男朋友生日礼物情人节表白铁盒36粒礼盒装201.6g,巧克力,德芙Dove心语巧克力万圣节礼物送儿童女友女朋友男朋友生日礼物情人节表白铁盒36粒礼盒装201.6g,,https://mall.jd.com/index-1000394105.html?from=pc,Goufrais糖巧京东自营专区,"自营
								2件8折"
39,39,https://item.jd.com/10026789133750.html,德芙（Dove） 巧克力礼盒装含糖果金球万圣节糖果情人节送女友浪漫表白生日礼物喜糖伴手礼休闲零食礼包 棉花糖粉色金球礼盒,巧克力,部分款式为京仓直发，到货速度快，如急用建议优先考虑，520情人节礼物，生日礼物，母亲节礼物，商家仓发的款可备注赠送卡片，多个套餐可选择,,https://mall.jd.com/index-71090.html?from=pc,雅玫食品专营店,"京东物流
								跨店每满1000-100
								2件8折"
139.9,139.9,https://item.jd.com/100045215547.html,费列罗(FERRERO)榛果威化糖果巧克力制品 婚庆喜糖节日团聚送礼 32粒礼盒装400g（新老款随机发货）,巧克力,,10万+条评价,https://mall.jd.com/index-1000072521.html?from=pc,费列罗京东自营旗舰店,自营
49,49,https://item.jd.com/72388053315.html,德芙（Dove） 巧克力礼盒装含糖果金球万圣节糖果情人节送女友浪漫表白生日礼物喜糖伴手礼休闲零食礼包 38颗金球巧克力粉色礼盒,巧克力,部分款式为京仓直发，到货速度快，如急用建议优先考虑，520情人节礼物，生日礼物，母亲节礼物，商家仓发的款可备注赠送卡片，多个套餐可选择,2万+条评价,https://mall.jd.com/index-71090.html?from=pc,雅玫食品专营店,"京东物流
								跨店每满1000-100
								2件8折"
32,32,https://item.jd.com/100013080988.html,巧乐思可可脂麦丽素桶装520g牛奶巧克力脆心生日礼物经典怀旧零食送女友,巧克力,巧乐思可可脂麦丽素桶装520g牛奶巧克力脆心生日礼物经典怀旧零食送女友,10万+条评价,https://mall.jd.com/index-1000328942.html?from=pc,巧乐思京东自营旗舰店,"自营
								2件9折"
99,99,https://item.jd.com/10029451725411.html,德芙（Dove） 巧克力礼盒生日礼物女生万圣节糖果礼盒装礼物零食情人节礼物送女友朋友老婆糖果268g 德芙巧克力和伊诺滋巧克力组合装,巧克力,【新人首单再减】【万圣节糖果礼物】【全国八仓发货】【生日礼物】【结婚纪念日礼物】【送女友送老婆】【买贵退差，保价】【15天无理由退换货】【店铺更多好物，查看】,10万+条评价,https://mall.jd.com/index-657104.html?from=pc,多唯呀巧克力旗舰店,"京东物流
								满99-20"
39,39,https://item.jd.com/72388053313.html,德芙（Dove） 巧克力礼盒装含糖果金球万圣节糖果情人节送女友浪漫表白生日礼物喜糖伴手礼休闲零食礼包 12颗金球巧克力粉色礼盒,巧克力,部分款式为京仓直发，到货速度快，如急用建议优先考虑，520情人节礼物，生日礼物，母亲节礼物，商家仓发的款可备注赠送卡片，多个套餐可选择,2万+条评价,https://mall.jd.com/index-71090.html?from=pc,雅玫食品专营店,"京东物流
								跨店每满1000-100
								2件8折"
59.8,59.8,https://item.jd.com/29644095084.html,爱普诗万圣节巧克力礼盒 比利时进口 十口味夹心巧克力礼盒 生日礼物女 送女朋友 婚庆伴手礼盒 送礼袋 10口味108g骑士礼盒【保质期至23年6月】,巧克力,爱普诗万圣节巧克力礼盒 比利时进口 十口味夹心巧克力礼盒 生日礼物女 送女朋友 婚庆伴手礼盒 送礼袋 10口味108g骑士礼盒【保质期至23年6月】,1万+条评价,https://mall.jd.com/index-188437.html?from=pc,爱普诗旗舰店,"京东物流
								跨店每满299-50
								秒杀"
48.9,48.9,https://item.jd.com/100005229910.html,德芙（Dove）丝滑牛奶巧克力4.5g 代言人同款 婚庆喜糖节日礼物 500g,巧克力,,20万+条评价,https://mall.jd.com/index-1000078502.html?from=pc,德芙京东自营旗舰店,自营
79.9,79.9,https://item.jd.com/100028620208.html,费列罗(FERRERO)T30意大利进口榛果威化糖果巧克力 30粒礼盒装375g,巧克力,双十一提前嗨，幸好有你！京东超值大牌费列罗【点击领取】(此商品不参加上述活动),2000+条评价,,,"自营
								2件9折"
43.89,43.89,https://item.jd.com/100000484010.html,倍乐思（Beryl's）手工黑白巧克力礼盒 马来西亚进口婚庆喜糖零食伴手礼送女友生日礼物礼品85g,巧克力,【11.11提前购】进口食力好物，低至8折！【叠加领券】满129享9折，随心凑！！》》,5万+条评价,https://mall.jd.com/index-1000128744.html?from=pc,倍乐思Beryl's京东自营旗舰店,"自营
								品质溯源"
19.9,19.9,https://item.jd.com/1919433.html,怡浓可可脂黑巧克力78%可可含量偏苦生日礼物喜糖休闲零食120g,巧克力,怡浓可可脂黑巧克力78%可可含量偏苦生日礼物喜糖休闲零食120g,20万+条评价,https://mall.jd.com/index-1000089761.html?from=pc,怡浓京东自营旗舰店,"自营
								2件9折"
39.9,39.9,https://item.jd.com/100016452768.html,德国进口萨洛缇黑白小熊牛奶巧克力100g盒装 儿童巧克力礼盒 万圣节糖果 生日礼物 休闲零食 内卡可涂鸦,巧克力,德国进口萨洛缇黑白小熊牛奶巧克力100g盒装 儿童巧克力礼盒 万圣节糖果 生日礼物 休闲零食 内卡可涂鸦,1万+条评价,https://mall.jd.com/index-1000303482.html?from=pc,爱普诗（Alpes d'Or）京东自营旗舰店,"自营
								品质溯源
								2件9折"
19.9,19.9,https://item.jd.com/1912321.html,怡浓100%可可黑巧克力礼盒苦醇可可脂糖果生日礼物办公室休闲零食120g,巧克力,怡浓100%可可黑巧克力礼盒苦醇可可脂糖果生日礼物办公室休闲零食120g,20万+条评价,https://mall.jd.com/index-1000089761.html?from=pc,怡浓京东自营旗舰店,"自营
								2件9折"
149.9,149.9,https://item.jd.com/100023364329.html,费列罗(FERRERO)榛果威化糖果巧克力 婚庆喜糖零食伴手礼 情人节礼物48粒礼盒装600g,巧克力,,100万+条评价,https://mall.jd.com/index-1000072521.html?from=pc,费列罗京东自营旗舰店,自营
110.8,110.8,https://item.jd.com/2439487.html,魔吻（AMOVO）棒棒糖情人节万圣节糖果巧克力礼盒生日礼物送女友零食(萌心)150g,巧克力,心形棒棒糖创意设计,1万+条评价,https://mall.jd.com/index-1000089365.html?from=pc,魔吻京东自营旗舰店,自营
15.6,15.6,https://item.jd.com/10042584941920.html,康美纳卡 白俄罗斯进口 黑巧克力高浓度精选纯可可脂牛奶果仁巧克力休闲零食黑巧克力100g 黑巧克力（85%可可）,巧克力,单笔订单满49元+7元可换购100g牛奶巧克力一块【在购物车中换购】,1万+条评价,https://mall.jd.com/index-11697048.html?from=pc,白俄罗斯进口馆,"京东物流
								跨店每满299-50
								秒杀
								2件9折"
14.9,14.9,https://item.jd.com/10044447205210.html,康美纳卡 白俄罗斯进口 黑巧克力高浓度精选纯可可脂运动健身黑巧克力休闲零食黑巧克力90g装 黑巧克力90g  (90%可可）,巧克力,单笔订单满49元+7元可换购100g牛奶巧克力一块【在购物车中换购】,2万+条评价,https://mall.jd.com/index-11697048.html?from=pc,白俄罗斯进口馆,"京东物流
								跨店每满299-50
								2件9折"
79,79,https://item.jd.com/100026384136.html,德芙Dove巧克力万圣节礼物送儿童女友女朋友男朋友生日礼物情人节表白巧克力糖果零食高端双心创意礼盒装,巧克力,德芙Dove巧克力万圣节礼物送儿童女友女朋友男朋友生日礼物情人节表白巧克力糖果零食高端双心创意礼盒装,5万+条评价,https://mall.jd.com/index-1000386302.html?from=pc,全球好物京东自营专区,"自营
								2件8折"
76.5,76.5,https://item.jd.com/10046155996988.html,{俄罗斯国家馆}126块*15克实惠装 俄罗斯黑巧克力原装进口零食 630克一盒（42块*15克） 黑巧味1盒,巧克力,俄罗斯国家馆,2000+条评价,https://mall.jd.com/index-10024437.html?from=pc,俄罗斯国家馆,跨店每满1000-100
19.9,19.9,https://item.jd.com/4044851.html,诺梵纯黑可可脂礼物巧克力100%特苦无添加蔗糖万圣节糖果礼盒生日礼物女送女友高纯黑巧休闲零食婚庆130g,巧克力,,50万+条评价,https://mall.jd.com/index-1000082422.html?from=pc,诺梵京东自营旗舰店,自营
19.9,19.9,https://item.jd.com/100017884213.html,声歌里 黑巧克力 72%可可脂含量无蔗糖纯黑巧克力小孩男女朋友老婆情人节日礼物休闲零食伴手礼木糖醇128g,巧克力,声歌里 黑巧克力 72%可可脂含量无蔗糖纯黑巧克力小孩男女朋友老婆情人节日礼物休闲零食伴手礼木糖醇128g,1万+条评价,https://mall.jd.com/index-1000407241.html?from=pc,声歌里京东自营旗舰店,"自营
								跨店每满299-50
								2件9折"
15.9,15.9,https://item.jd.com/68919441313.html,赞誉 国产俄罗斯风味大榛子巧克力整颗榛仁果仁夹心大板礼盒女友礼物新品 100克X1块,巧克力,俄罗斯国家馆官方认证！一块包邮,2000+条评价,https://mall.jd.com/index-10024437.html?from=pc,俄罗斯国家馆,跨店每满1000-100
39,39,https://item.jd.com/72388053314.html,德芙（Dove） 巧克力礼盒装含糖果金球万圣节糖果情人节送女友浪漫表白生日礼物喜糖伴手礼休闲零食礼包 12颗金球巧克力紫色礼盒,巧克力,部分款式为京仓直发，到货速度快，如急用建议优先考虑，520情人节礼物，生日礼物，母亲节礼物，商家仓发的款可备注赠送卡片，多个套餐可选择,2万+条评价,https://mall.jd.com/index-71090.html?from=pc,雅玫食品专营店,"京东物流
								跨店每满1000-100
								2件8折"
26.8,26.8,https://item.jd.com/72388053318.html,德芙（Dove） 巧克力礼盒装含糖果金球万圣节糖果情人节送女友浪漫表白生日礼物喜糖伴手礼休闲零食礼包 万圣节礼盒（南瓜双波板款）,巧克力,部分款式为京仓直发，到货速度快，如急用建议优先考虑，520情人节礼物，生日礼物，母亲节礼物，商家仓发的款可备注赠送卡片，多个套餐可选择,2万+条评价,https://mall.jd.com/index-71090.html?from=pc,雅玫食品专营店,"跨店每满1000-100
								2件8折"
29.9,29.9,https://item.jd.com/10568756543.html,好时（Hershey’s） 之吻巧克力礼盒装含糖果95g婚庆喜糖伴手礼万圣节糖果送男女孩生日活动礼品,巧克力,京仓直发，有赠礼品袋，适合商务、朋友送礼，多口味随机发送——爱TA就要告诉TA~送礼推荐礼盒~,2万+条评价,https://mall.jd.com/index-71090.html?from=pc,雅玫食品专营店,"京东物流
								跨店每满1000-100"
58.7,58.7,https://item.jd.com/10038251921962.html,士力架花生夹心巧克力1000g量贩装万圣节糖果礼物补充能量情人节礼物送女孩男孩糖果零食 原味散装1000g,巧克力,,1万+条评价,https://mall.jd.com/index-11592250.html?from=pc,德芙旗舰店,跨店每满299-50
93,93,https://item.jd.com/100026277980.html,德芙Dove巧克力万圣节礼物送儿童女友女朋友男朋友生日礼物情人节巧克力一路有你烫金双层手提式礼盒装212.5g,巧克力,德芙Dove巧克力万圣节礼物送儿童女友女朋友男朋友生日礼物情人节巧克力一路有你烫金双层手提式礼盒装212.5g,5万+条评价,https://mall.jd.com/index-1000386302.html?from=pc,全球好物京东自营专区,"自营
								2件8折"
11.9,11.9,https://item.jd.com/1178890.html,德芙 Dove代言人同款袋装奶香白巧克力 办公室休闲零食 婚庆糖果84g,巧克力,【与你巧遇预售甜蜜】双11狂欢预售开启啦！甜蜜芙礼部分抢券满199减99元。更多美妙趣食，丝滑你的味蕾！点击速抢！查看,20万+条评价,https://mall.jd.com/index-1000078502.html?from=pc,德芙京东自营旗舰店,"自营
								券59-5"
55,55,https://item.jd.com/100028159698.html,德芙Dove心语巧克力万圣节礼物送儿童女友女朋友男朋友生日礼物情人节表白铁盒36粒礼盒装201.6g,巧克力,德芙Dove心语巧克力万圣节礼物送儿童女友女朋友男朋友生日礼物情人节表白铁盒36粒礼盒装201.6g,2万+条评价,https://mall.jd.com/index-1000394105.html?from=pc,Goufrais糖巧京东自营专区,"自营
								2件8折"
39,39,https://item.jd.com/10026789133750.html,德芙（Dove） 巧克力礼盒装含糖果金球万圣节糖果情人节送女友浪漫表白生日礼物喜糖伴手礼休闲零食礼包 棉花糖粉色金球礼盒,巧克力,部分款式为京仓直发，到货速度快，如急用建议优先考虑，520情人节礼物，生日礼物，母亲节礼物，商家仓发的款可备注赠送卡片，多个套餐可选择,2万+条评价,https://mall.jd.com/index-71090.html?from=pc,雅玫食品专营店,"京东物流
								跨店每满1000-100
								2件8折"
409,409,https://item.jd.com/10090120165.html,歌帝梵（Godiva） GODIVA歌帝梵双享经典巧克力礼盒12颗装比利时进口休闲零食送礼礼物,巧克力,,5000+条评价,https://mall.jd.com/index-130035.html?from=pc,歌帝梵官方旗舰店,跨店每满299-50
19.9,19.9,https://item.jd.com/10049714100779.html,脆香米 夹心牛奶巧克力192g盒装送礼糖果喜糖儿童网红休闲零食 脆香米192g,巧克力,脆香米会场火热上线，多种口味巧克力零食任您选。【居家分享】【送礼精选】【办公零食】【休闲零食】点击前往查,2000+条评价,https://mall.jd.com/index-11888970.html?from=pc,德芙晶欧专卖店,"京东物流
								跨店每满299-50
								券4-1"
35.9,35.9,https://item.jd.com/326434.html,德芙（Dove）心语夹心巧克力礼盒98g（两种口味混装）情人节礼物送女友伴手礼喜糖（新旧包装随机发货）,巧克力,【与你巧遇预售甜蜜】双11狂欢预售开启啦！甜蜜芙礼部分抢券满199减99元。更多美妙趣食，丝滑你的味蕾！点击速抢！查看,50万+条评价,https://mall.jd.com/index-1000078502.html?from=pc,德芙京东自营旗舰店,自营
23.8,23.8,https://item.jd.com/10034589380086.html,德芙巧克力丝滑牛奶香浓黑巧222g盒装情人节礼物送女友结婚婚庆喜糖果情人节七夕三八女节送礼零食 【1盒】德芙盒装222g-什锦口味,巧克力,微苦不甜腻香浓黑巧,5000+条评价,https://mall.jd.com/index-655610.html?from=pc,亦泓食品专营店,
83.76,83.76,https://item.jd.com/10041182706219.html,口福莱 意大利进口 榛子仁牛奶巧克力制品 500g 休闲零食糖果情人节礼品办公室零食,巧克力,"山姆京东6周年,感恩有你,抽1666免单福利,赢高颜值露营帐篷,21号直播间不见不散点击",1000+条评价,https://mall.jd.com/index-598847.html?from=pc,山姆会员商店官方旗舰店,京东物流
53,53,https://item.jd.com/10049631826460.html,德芙（Dove） 巧克力礼盒装万圣节糖果礼盒装情人节礼物生日礼物女送女友老婆零食礼品德芙伊诺滋组合 德芙巧克力礼盒装,巧克力,新品促销，下单立减【教师节礼物】【中秋礼品】【生日礼物】【送女友】【德芙巧克力礼盒】,5000+条评价,https://mall.jd.com/index-10503606.html?from=pc,晶欧巧克力专营店,京东物流
149,149,https://item.jd.com/1950414.html,瑞士莲（Lindt）软心精选牛奶榛仁巧克力分享装600g,巧克力,,20万+条评价,https://mall.jd.com/index-1000081022.html?from=pc,瑞士莲京东自营旗舰店,自营
13.9,13.9,https://item.jd.com/100022781758.html,德芙(Dove)零糖系列海盐黑巧克力35g 代言人同款生日礼物礼品,巧克力,【与你巧遇预售甜蜜】双11狂欢预售开启啦！甜蜜芙礼部分抢券满199减99元。更多美妙趣食，丝滑你的味蕾！点击速抢！查看,10万+条评价,https://mall.jd.com/index-1000078502.html?from=pc,德芙京东自营旗舰店,"自营
								券59-5"
29.8,29.8,https://item.jd.com/100028159706.html,德芙Dove心语牛奶巧克力万圣节礼物送儿童女友女朋友男朋友生日礼物情人节表白员工福利伴手礼18粒礼盒100.8g,巧克力,德芙Dove心语牛奶巧克力万圣节礼物送儿童女友女朋友男朋友生日礼物情人节表白员工福利伴手礼18粒礼盒100.8g,2万+条评价,https://mall.jd.com/index-1000394105.html?from=pc,Goufrais糖巧京东自营专区,"自营
								2件8折"
59.9,59.9,https://item.jd.com/100039843271.html,诺梵松露巧克力低糖情人节送女友礼盒装生日礼物婚庆伴手礼500g,巧克力,诺梵松露巧克力低糖情人节送女友礼盒装生日礼物婚庆伴手礼500g,75条评价,https://mall.jd.com/index-1000082422.html?from=pc,诺梵京东自营旗舰店,"自营
								新品
								每满49-10"
19.8,19.8,https://item.jd.com/10034005605922.html,德芙（Dove） 巧克力创意礼盒装糖果婚庆喜糖伴手礼回礼万圣节糖果送男女友送男孩女孩生日礼物零食礼包 万圣节糖果礼盒（送礼袋）,巧克力,大礼盒可备注赠卡片，小盒款不能赠卡片,100+条评价,https://mall.jd.com/index-71090.html?from=pc,雅玫食品专营店,跨店每满1000-100
34.9,34.9,https://item.jd.com/100042449073.html,瑞特滋（ RitterSport）迷你榛子巧克力什锦袋装 休闲零食 节日礼物 100.02g 德国进口,巧克力,瑞特滋（ RitterSport）迷你榛子巧克力什锦袋装 休闲零食 节日礼物 100.02g 德国进口,500+条评价,https://mall.jd.com/index-1000114421.html?from=pc,瑞特滋京东自营旗舰店,"自营
								新品
								169元5件"
55,55,https://item.jd.com/10025212049149.html,歌帝梵（Godiva） GODIVA歌帝梵杯装巧克力5颗装 婚礼喜糖伴手礼 美国进口网红零食 香草立方黑巧克力5颗装,巧克力,,2000+条评价,https://mall.jd.com/index-130035.html?from=pc,歌帝梵官方旗舰店,跨店每满299-50
49.9,49.9,https://item.jd.com/10023258100032.html,瑞士莲（lindt） 软心巧克力礼盒万圣节糖果Lindor冰山黑巧生日礼物女生送女友进口婚庆喜糖零食 瑞士莲18粒礼盒,巧克力,【店铺补贴加购立减】【万圣节糖果】【送女友送儿童】【买贵退差全店保价】【8仓发货定时送达】【15天无理由退换货】【京东超市放心购】,5000+条评价,https://mall.jd.com/index-755041.html?from=pc,多唯呀礼盒旗舰店,"京东物流
								跨店每满299-50
								每满45-6"
21.8,21.8,https://item.jd.com/10029505372996.html,德芙巧克力丝滑牛奶/奶香白巧克力/纯黑巧克力多味盒装混合口味婚庆巧克力礼盒送朋友生日礼物喜糖130g 【混合口味】130g-兔子铁盒,巧克力,一盒约20颗,2000+条评价,https://mall.jd.com/index-173499.html?from=pc,世恩食品旗舰店,"京东物流
								秒杀"
24.8,24.8,https://item.jd.com/62257002801.html,德芙（Dove）丝滑牛奶巧克散装 婚庆喜糖 节日礼品 喜糖员工福利 丝滑牛奶巧克力250克【约50颗】,巧克力,纵享新丝滑,5000+条评价,https://mall.jd.com/index-145729.html?from=pc,宗正食品专营店,"跨店每满299-50
								秒杀"
68,68,https://item.jd.com/10024322804428.html,德芙 巧克力礼盒25粒200g万圣节礼物送女生女朋友表白礼老婆好友同事老师纪念日生日糖果 爱的礼物9粒费列罗16粒德芙,巧克力,【七夕礼物】[生日礼物][京东11仓][覆盖320个城市]【送··精美贺卡手提袋】【FERRERO9粒+德芙巧克力组合装】【双层设计层层心意】瑞士莲高档礼盒,2万+条评价,https://mall.jd.com/index-10314705.html?from=pc,业昌休闲食品专营店,"京东物流
								闪购
								每满68-9"
5.9,5.9,https://item.jd.com/983125.html,德芙Dove丝滑牛奶巧克力 糖果礼品 休闲零食送女友 43g,巧克力,【与你巧遇预售甜蜜】双11狂欢预售开启啦！甜蜜芙礼部分抢券满199减99元。更多美妙趣食，丝滑你的味蕾！点击速抢！查看,20万+条评价,https://mall.jd.com/index-1000078502.html?from=pc,德芙京东自营旗舰店,自营
30.9,30.9,https://item.jd.com/326467.html,士力架花生夹心巧克力（全家桶）460g桶装 王嘉尔代言 食品零食礼物礼品（新旧包装随机发放）,巧克力,,200万+条评价,https://mall.jd.com/index-1000078502.html?from=pc,德芙京东自营旗舰店,自营
7.49,7.49,https://item.jd.com/967641.html,Kinder健达缤纷乐儿童牛奶榛果威化巧克力制品 国庆节礼物 儿童零食成人零食休闲食品 1包2条装43g,巧克力,"【费列罗健达巧克力*双11全球热爱季】10月20日20点火热开启，定金抢先付，尾款享立减！超值优惠享不停！加入会员领券且可抽超值大奖,点击查看更多优惠进入",20万+条评价,https://mall.jd.com/index-1000072521.html?from=pc,费列罗京东自营旗舰店,"自营
								2件9折"
23.9,23.9,https://item.jd.com/10023299871115.html,卜珂零点速溶松露型黑巧克力碗装408g网红零食糖果送女友（代可可脂） 碗装松露形巧克力408g,巧克力,速溶遇到高温会融化，下单前检查好收货地址，此产品一旦发出不支持退款,5000+条评价,https://mall.jd.com/index-10135123.html?from=pc,好食力食品专营店,
109,109,https://item.jd.com/45199218657.html,瑞士莲（Lindt）巧克力软心Lindor冰山牛奶熔岩黑巧克力万圣节喜糖果伴手礼零食送女友情人节礼物 瑞士莲经典版600g【5种口味】,巧克力,1.约48粒/袋，温度超22度，建议冷藏2h后食用！2.下单2份减20元!3.卡乐比薯条三兄弟，来自北海道的地道美味,2万+条评价,https://mall.jd.com/index-740423.html?from=pc,帝亚零食专营店,"京东物流
								秒杀
								满118-10"
29.9,29.9,https://item.jd.com/10036026339345.html,士力架巧克力散装称斤1000g牛奶德福巧克力婚庆喜糖伴手礼大礼包棒花生夹心糖果零食小吃休闲食品 士力架花生夹心巧克力500g（约24条）,巧克力,士力架巧克力散装称斤1000g牛奶德福巧克力婚庆喜糖伴手礼大礼包棒花生夹心糖果零食小吃休闲食品 士力架花生夹心巧克力500g（约24条）,1万+条评价,https://mall.jd.com/index-177449.html?from=pc,聚食惠食品专营店,2件9.5折
31.9,31.9,https://item.jd.com/100042449071.html,瑞特滋（RitterSport）软心立方夹心牛奶巧克力什锦袋装 休闲零食 节日礼物 72g 德国进口,巧克力,瑞特滋（RitterSport）软心立方夹心牛奶巧克力什锦袋装 休闲零食 节日礼物 72g 德国进口,500+条评价,https://mall.jd.com/index-1000114421.html?from=pc,瑞特滋京东自营旗舰店,"自营
								新品
								169元5件"
35.8,35.8,https://item.jd.com/10311244667.html,瑞士莲特醇排装可可纯黑巧克力多口味万圣节日生日送礼物休闲零食,巧克力,,2万+条评价,https://mall.jd.com/index-21779.html?from=pc,瑞士莲官方旗舰店,跨店每满299-50
19.9,19.9,https://item.jd.com/100017631051.html,怡浓乖乖虎牛奶巧克力棒棒糖生日礼物送女友儿童120g,巧克力,怡浓乖乖虎牛奶巧克力棒棒糖生日礼物送女友儿童120g,5万+条评价,https://mall.jd.com/index-1000089761.html?from=pc,怡浓京东自营旗舰店,"自营
								2件9折"
9.9,9.9,https://item.jd.com/10045976474053.html,网红松露黑巧克力纯可可脂婚庆送礼糖果巧克力办公室零食解馋休闲食品 松露黑巧克力90g【约18包】,巧克力,网红松露黑巧克力纯可可脂婚庆送礼糖果巧克力办公室零食解馋休闲食品 松露黑巧克力90g【约18包】,200+条评价,https://mall.jd.com/index-138899.html?from=pc,香客食品专营店,"跨店每满299-50
								券99-10
								2件9折"
27.9,27.9,https://item.jd.com/17161770432.html,士力架 花生夹心巧克力 婚庆喜糖伴手礼全家桶装办公室福利零食散装批发年货糖果礼物休闲零食 士力架散称500g（约24条）,巧克力,婚礼季散装喜糖批发！办公室零食！【点击查看】进口巧克力多买多优惠,5000+条评价,https://mall.jd.com/index-38157.html?from=pc,爱巧官方旗舰店,"秒杀
								满29-2"
79,79,https://item.jd.com/100042808629.html,乐家（AlmondRoca）美国进口杏仁扁桃仁巧克力味糖果喜糖零食万圣节生日礼物女 原味 23粒分享装284g/罐,巧克力,"【美国进口】日期新鲜，甄选上等扁桃仁，口感层次分明，甜脆而不油腻，乐享醇脆，一口难忘，客服热线：17317103264,更多猛戳~",1万+条评价,https://mall.jd.com/index-1000290715.html?from=pc,乐家（ALMOND ROCA）京东自营旗舰店,"自营
								新品
								每满78-20"
36,36,https://item.jd.com/10061276480290.html,德芙（Dove） 巧克力礼盒装生日礼物女生送女友女朋友老婆纪念日万圣节糖果礼物婚庆喜糖伴手礼 黑色5.3g尊享礼盒,巧克力,【婚庆喜糖伴手礼】【结婚纪念日礼物】【巧克力】【生日礼物女生】【节日礼物】【买贵退差全店保价】,100+条评价,https://mall.jd.com/index-11626042.html?from=pc,巧语巧克力旗舰店,"京东物流
								新品
								跨店每满299-50
								秒杀
								每满36-7
								赠"
19.9,19.9,https://item.jd.com/100029820261.html,初见半夏松露形代可可脂巧克力办公零食独立小包装方便携带410g,巧克力,初见半夏松露形代可可脂巧克力办公零食独立小包装方便携带410g,,https://mall.jd.com/index-1000425989.html?from=pc,初见半夏京东自营旗舰店,"自营
								2件9折"
85,85,https://item.jd.com/10034943133102.html,乔慕（Truffles） 法国进口乔慕松露形黑巧克力70%纯可可脂原味黑松露形巧克力七夕教师节礼盒装 【不含代可可】70%黑巧500g礼盒装,巧克力,正品保证，口感纯正,,https://mall.jd.com/index-11459069.html?from=pc,高狄诗官方旗舰店,"券99-3
								1件9.5折"
59,59,https://item.jd.com/10039173649588.html,德芙（DOVE） 心语混合夹巧克力礼盒装心形牛奶巧克力万圣节糖果生日礼物送小孩老婆福利批发伴手礼 德芙心语36枚圆形铁盒装（JD物流 就近仓库发）,巧克力,【万圣节糖果礼盒送小孩】【全店补贴一直保价】【限时优惠下单立减】【生日礼物女生】【7天无理由退换货】【8仓发货定时送达】教师节中秋节主会场,,https://mall.jd.com/index-866166.html?from=pc,可达鸭官方旗舰店,"京东物流
								跨店每满299-50"
158,158,https://item.jd.com/10088746838.html,瑞特滋（RITTER SPORT） 瑞特斯波德德国进口巧克力散装婚庆喜糖巧克力 什锦1000g多口味混合盒装（约200颗）,巧克力,5g/8g多口味选择,,https://mall.jd.com/index-38195.html?from=pc,欧美食品专营店,跨店每满299-50
12.5,12.5,https://item.jd.com/10048071153510.html,Solove100%纯黑巧克力纯脂礼盒装极苦送女友零食纯可可脂120g 100%可可-逆天苦120g,巧克力,Solove100%纯黑巧克力纯脂礼盒装极苦送女友零食纯可可脂120g 100%可可-逆天苦120g,,https://mall.jd.com/index-655610.html?from=pc,亦泓食品专营店,
55,55,https://item.jd.com/10025212049149.html,歌帝梵（Godiva） GODIVA歌帝梵杯装巧克力5颗装 婚礼喜糖伴手礼 美国进口网红零食 香草立方黑巧克力5颗装,巧克力,,,https://mall.jd.com/index-130035.html?from=pc,歌帝梵官方旗舰店,跨店每满299-50
15,15,https://item.jd.com/1878731.html,明治（Meiji）牛奶巧克力 65g,巧克力,明治（Meiji）牛奶巧克力 65g,,https://mall.jd.com/index-1000118190.html?from=pc,明治京东自营旗舰店,"自营
								券99-5
								3件8折"
118,118,https://item.jd.com/10034496539773.html,ROYCE' 若翼族 生巧克力制品礼盒装日本北海道进口巧克力送男女朋友生日礼物伴手礼糖果顺丰全程冷链 经典原味 125g 【20枚/盒】,巧克力,为响应政府战疫政策，部分地区将进行限售/延发，您可先关注商品，待快递通知冷链线路畅通后，我们会即刻恢复销售/发货，感谢您的支持和谅解！,,https://mall.jd.com/index-11421578.html?from=pc,ROYCE'旗舰店,跨店每满299-50
69.9,69.9,https://item.jd.com/10023400248842.html,瑞士莲（lindt） 巧克力lindor进口软心球牛奶黑巧白巧巧克力婚庆喜糖果500g散装 多口味混合500g（5-8口味混合）,巧克力,瑞士莲（lindt） 巧克力lindor进口软心球牛奶黑巧白巧巧克力婚庆喜糖果500g散装 多口味混合500g（5-8口味混合）,,https://mall.jd.com/index-38195.html?from=pc,欧美食品专营店,跨店每满299-50
178,178,https://item.jd.com/100028746095.html,Patchi芭驰进口迪拜巧克力礼盒（缤纷款）250g 万圣节礼物 生日礼物女 喜糖 伴手礼 进口零食威化榛果巧克力,巧克力,企业团购优惠联系客服咨询~订单满500元需求礼袋可联系客服~欢迎咨询~~,,https://mall.jd.com/index-1000333345.html?from=pc,patchi京东自营旗舰店,"自营
								新品"
49.9,49.9,https://item.jd.com/3045819.html,好时 Hershey’s 牛奶巧克力排块 办公室休闲零食 糖果 家庭分享装 婚庆喜糖 210g,巧克力,好时 Hershey’s 牛奶巧克力排块 办公室休闲零食 糖果 家庭分享装 婚庆喜糖 210g,,https://mall.jd.com/index-1000075682.html?from=pc,好时京东自营旗舰店,"自营
								品质溯源
								2件9折"
30.9,30.9,https://item.jd.com/326467.html,士力架花生夹心巧克力（全家桶）460g桶装 王嘉尔代言 食品零食礼物礼品（新旧包装随机发放）,巧克力,,,https://mall.jd.com/index-1000078502.html?from=pc,德芙京东自营旗舰店,自营
89,89,https://item.jd.com/100014092893.html,德芙Dove巧克力万圣节礼物送儿童女友女朋友男朋友生日礼物情人节表白巧克力浪漫星空创意惊喜礼盒装,巧克力,德芙Dove巧克力万圣节礼物送儿童女友女朋友男朋友生日礼物情人节表白巧克力浪漫星空创意惊喜礼盒装,,https://mall.jd.com/index-1000386302.html?from=pc,全球好物京东自营专区,"自营
								2件8折"
14.9,14.9,https://item.jd.com/10044447205207.html,康美纳卡 白俄罗斯进口 黑巧克力高浓度精选纯可可脂运动健身黑巧克力休闲零食黑巧克力90g装 甜黑巧克力90g（68%可可）,巧克力,单笔订单满49元+7元可换购100g牛奶巧克力一块【在购物车中换购】,,https://mall.jd.com/index-11697048.html?from=pc,白俄罗斯进口馆,"京东物流
								跨店每满299-50
								2件9折"
68,68,https://item.jd.com/10031865334026.html,瑞士莲软心巧克力500gLindt牛奶夹心球散装万圣节糖果婚礼婚庆生日情人节表白日结婚喜糖520喜酒 红色牛奶味1斤,巧克力,国内现货，非国外邮寄。放心购买。正品保障，日期新,,https://mall.jd.com/index-11286848.html?from=pc,UNCLE TOM旗舰店,"跨店每满299-50
								满99-8"
136,136,https://item.jd.com/67499370480.html,费列罗 (FERRERO) 巧克力礼盒48粒装情人节生日礼物送女友老婆员工团购万圣节平安夜糖果伴手礼 费列罗金色48粒礼盒装[送礼袋],巧克力,【京东超市】【品质保证】【京东12仓，急速到家】【活动多多下单立减】瑞士莲情人节爱心巧克力礼盒,,https://mall.jd.com/index-10205730.html?from=pc,业昌食品专营店,"京东物流
								闪购"
268.9,268.9,https://item.jd.com/730618.html,费列罗(FERRERO)榛果威化糖果巧克力制品 节日礼物休闲零食 婚庆喜糖零食伴手礼  96粒婚礼装1200g,巧克力,"【费列罗健达巧克力*双11全球热爱季】10月20日20点火热开启，定金抢先付，尾款享立减！超值优惠享不停！加入会员领券且可抽超值大奖,点击查看更多优惠进入",,https://mall.jd.com/index-1000072521.html?from=pc,费列罗京东自营旗舰店,"自营
								满49-22"
39.9,39.9,https://item.jd.com/1877410.html,明治（Meiji）板式巧克力混合装 牛奶巧克力+特纯黑56%混装 180g,巧克力,新老包装交替中，新老包装随机发货哦~,2万+条评价,https://mall.jd.com/index-1000118190.html?from=pc,明治京东自营旗舰店,"自营
								3件8折"
49.9,49.9,https://item.jd.com/100038116203.html,名糖(Meito) 经典巧克力袋装万圣节限定款180g 日本进口生日礼物送女友,巧克力,日本进口零食专区，精美礼盒，各类零食季节限定款等您选购点击查看！(此商品不参加上述活动),2000+条评价,https://mall.jd.com/index-1000367485.html?from=pc,春捃京东自营旗舰店,"自营
								新品
								2件9折"
119,119,https://item.jd.com/3874990.html,德芙 Dove 尊慕巧克力礼盒280g 代言人同款 生日糖果休闲零食节日礼物喜糖伴手礼（本产品不含礼品袋）,巧克力,【与你巧遇预售甜蜜】双11狂欢预售开启啦！甜蜜芙礼部分抢券满199减99元。更多美妙趣食，丝滑你的味蕾！点击速抢！查看,50万+条评价,https://mall.jd.com/index-1000078502.html?from=pc,德芙京东自营旗舰店,自营
58,58,https://item.jd.com/10032414571943.html,好时巧克力散装500g kisses之吻生日礼物婚庆喜糖果零食批发 (原装)炫彩多口味混合500G袋装 好时kisses,巧克力,见证幸福甜蜜！,1万+条评价,https://mall.jd.com/index-145729.html?from=pc,宗正食品专营店,"跨店每满299-50
								赠"
45.9,45.9,https://item.jd.com/10987971059.html,德芙（Dove） 巧克力礼盒万圣节糖果礼盒星空棒棒糖生日礼物女生送女友男孩儿童学生花束儿童零食大礼包,巧克力,【万圣节糖果巧克力礼盒】【部分礼盒带彩灯】【团购联系客服更优惠】【京8仓发货可指定送达】【生日礼物礼盒装】,10万+条评价,https://mall.jd.com/index-614699.html?from=pc,多唯呀食品旗舰店,"京东物流
								放心购
								跨店每满1000-100
								免邮
								每满45-3"
19.9,19.9,https://item.jd.com/100005043053.html,诺梵纯黑可可脂黑巧克力休闲零食万圣节糖果礼盒生日礼物女送女友巧克力55%办公室零食喜糖110g,巧克力,,10万+条评价,https://mall.jd.com/index-1000082422.html?from=pc,诺梵京东自营旗舰店,自营
49.9,49.9,https://item.jd.com/100010945882.html,新西兰原装进口惠特克Whittaker's蔓越莓扁桃仁黑巧克力180g 糖果零食休闲食品袋装,巧克力,新西兰原装进口惠特克Whittaker's蔓越莓扁桃仁黑巧克力180g 糖果零食休闲食品袋装,5万+条评价,https://mall.jd.com/index-1000118801.html?from=pc,惠特克（whittakers）巧克力京东自营旗舰店,"自营
								品质溯源
								2件9折"
19.9,19.9,https://item.jd.com/4044853.html,诺梵纯黑可可脂苦巧克力礼盒65%可可含量万圣节糖果礼盒送女友微苦高纯黑巧克力休闲零食婚庆喜糖130g,巧克力,诺梵纯黑可可脂苦巧克力礼盒65%可可含量万圣节糖果礼盒送女友微苦高纯黑巧克力休闲零食婚庆喜糖130g,50万+条评价,https://mall.jd.com/index-1000082422.html?from=pc,诺梵京东自营旗舰店,"自营
								2件9折"
86.9,86.9,https://item.jd.com/3712893.html,好时之吻 Kisses牛奶巧克力 休闲零食 散装 婚庆喜糖 500g,巧克力,好时之吻 Kisses牛奶巧克力 休闲零食 散装 婚庆喜糖 500g,50万+条评价,https://mall.jd.com/index-1000075682.html?from=pc,好时京东自营旗舰店,"自营
								品质溯源
								2件9折
								赠"
39.9,39.9,https://item.jd.com/10055677817028.html,脆香米 夹心牛奶巧克力192g盒装送礼糖果喜糖儿童网红休闲零食 脆香米192g×2盒,巧克力,脆香米会场火热上线，多种口味巧克力零食任您选。【居家分享】【送礼精选】【办公零食】【休闲零食】点击前往查,2000+条评价,https://mall.jd.com/index-11888970.html?from=pc,德芙晶欧专卖店,"京东物流
								跨店每满299-50
								券4-1"
26.9,26.9,https://item.jd.com/10031404244262.html,瑞士进口 狄妮诗 SWISS DELICE  72%黑巧克力 牛奶巧克力片 小排块 独立小包装 72%黑巧125g/袋（每袋约23颗左右）,巧克力,"夏天可能会化,介意慎拍,化了不退不换不赔偿",1000+条评价,https://mall.jd.com/index-182873.html?from=pc,智勇食品专营店,"跨店每满1000-100
								免邮"
149,149,https://item.jd.com/1950414.html,瑞士莲（Lindt）软心精选牛奶榛仁巧克力分享装600g,巧克力,,20万+条评价,https://mall.jd.com/index-1000081022.html?from=pc,瑞士莲京东自营旗舰店,自营
19.9,19.9,https://item.jd.com/100029820261.html,初见半夏松露形代可可脂巧克力办公零食独立小包装方便携带410g,巧克力,初见半夏松露形代可可脂巧克力办公零食独立小包装方便携带410g,200+条评价,https://mall.jd.com/index-1000425989.html?from=pc,初见半夏京东自营旗舰店,"自营
								2件9折"
85,85,https://item.jd.com/10034943133102.html,乔慕（Truffles） 法国进口乔慕松露形黑巧克力70%纯可可脂原味黑松露形巧克力七夕教师节礼盒装 【不含代可可】70%黑巧500g礼盒装,巧克力,正品保证，口感纯正,2000+条评价,https://mall.jd.com/index-11459069.html?from=pc,高狄诗官方旗舰店,"券99-3
								1件9.5折"
59,59,https://item.jd.com/10039173649588.html,德芙（DOVE） 心语混合夹巧克力礼盒装心形牛奶巧克力万圣节糖果生日礼物送小孩老婆福利批发伴手礼 德芙心语36枚圆形铁盒装（JD物流 就近仓库发）,巧克力,【万圣节糖果礼盒送小孩】【全店补贴一直保价】【限时优惠下单立减】【生日礼物女生】【7天无理由退换货】【8仓发货定时送达】教师节中秋节主会场,1万+条评价,https://mall.jd.com/index-866166.html?from=pc,可达鸭官方旗舰店,"京东物流
								跨店每满299-50"
158,158,https://item.jd.com/10088746838.html,瑞特滋（RITTER SPORT） 瑞特斯波德德国进口巧克力散装婚庆喜糖巧克力 什锦1000g多口味混合盒装（约200颗）,巧克力,5g/8g多口味选择,5000+条评价,https://mall.jd.com/index-38195.html?from=pc,欧美食品专营店,跨店每满299-50
12.5,12.5,https://item.jd.com/10048071153510.html,Solove100%纯黑巧克力纯脂礼盒装极苦送女友零食纯可可脂120g 100%可可-逆天苦120g,巧克力,Solove100%纯黑巧克力纯脂礼盒装极苦送女友零食纯可可脂120g 100%可可-逆天苦120g,500+条评价,https://mall.jd.com/index-655610.html?from=pc,亦泓食品专营店,
15,15,https://item.jd.com/1878731.html,明治（Meiji）牛奶巧克力 65g,巧克力,明治（Meiji）牛奶巧克力 65g,1万+条评价,https://mall.jd.com/index-1000118190.html?from=pc,明治京东自营旗舰店,"自营
								券99-5
								3件8折"
118,118,https://item.jd.com/10034496539773.html,ROYCE' 若翼族 生巧克力制品礼盒装日本北海道进口巧克力送男女朋友生日礼物伴手礼糖果顺丰全程冷链 经典原味 125g 【20枚/盒】,巧克力,为响应政府战疫政策，部分地区将进行限售/延发，您可先关注商品，待快递通知冷链线路畅通后，我们会即刻恢复销售/发货，感谢您的支持和谅解！,2万+条评价,https://mall.jd.com/index-11421578.html?from=pc,ROYCE'旗舰店,跨店每满299-50
69.9,69.9,https://item.jd.com/10023400248842.html,瑞士莲（lindt） 巧克力lindor进口软心球牛奶黑巧白巧巧克力婚庆喜糖果500g散装 多口味混合500g（5-8口味混合）,巧克力,瑞士莲（lindt） 巧克力lindor进口软心球牛奶黑巧白巧巧克力婚庆喜糖果500g散装 多口味混合500g（5-8口味混合）,2万+条评价,https://mall.jd.com/index-38195.html?from=pc,欧美食品专营店,跨店每满299-50
178,178,https://item.jd.com/100028746095.html,Patchi芭驰进口迪拜巧克力礼盒（缤纷款）250g 万圣节礼物 生日礼物女 喜糖 伴手礼 进口零食威化榛果巧克力,巧克力,企业团购优惠联系客服咨询~订单满500元需求礼袋可联系客服~欢迎咨询~~,2万+条评价,https://mall.jd.com/index-1000333345.html?from=pc,patchi京东自营旗舰店,"自营
								新品"
49.9,49.9,https://item.jd.com/3045819.html,好时 Hershey’s 牛奶巧克力排块 办公室休闲零食 糖果 家庭分享装 婚庆喜糖 210g,巧克力,好时 Hershey’s 牛奶巧克力排块 办公室休闲零食 糖果 家庭分享装 婚庆喜糖 210g,20万+条评价,https://mall.jd.com/index-1000075682.html?from=pc,好时京东自营旗舰店,"自营
								品质溯源
								2件9折"
89,89,https://item.jd.com/100014092893.html,德芙Dove巧克力万圣节礼物送儿童女友女朋友男朋友生日礼物情人节表白巧克力浪漫星空创意惊喜礼盒装,巧克力,德芙Dove巧克力万圣节礼物送儿童女友女朋友男朋友生日礼物情人节表白巧克力浪漫星空创意惊喜礼盒装,5万+条评价,https://mall.jd.com/index-1000386302.html?from=pc,全球好物京东自营专区,"自营
								2件8折"
14.9,14.9,https://item.jd.com/10044447205207.html,康美纳卡 白俄罗斯进口 黑巧克力高浓度精选纯可可脂运动健身黑巧克力休闲零食黑巧克力90g装 甜黑巧克力90g（68%可可）,巧克力,单笔订单满49元+7元可换购100g牛奶巧克力一块【在购物车中换购】,2万+条评价,https://mall.jd.com/index-11697048.html?from=pc,白俄罗斯进口馆,"京东物流
								跨店每满299-50
								2件9折"
68,68,https://item.jd.com/10031865334026.html,瑞士莲软心巧克力500gLindt牛奶夹心球散装万圣节糖果婚礼婚庆生日情人节表白日结婚喜糖520喜酒 红色牛奶味1斤,巧克力,国内现货，非国外邮寄。放心购买。正品保障，日期新,1万+条评价,https://mall.jd.com/index-11286848.html?from=pc,UNCLE TOM旗舰店,"跨店每满299-50
								满99-8"
136,136,https://item.jd.com/67499370480.html,费列罗 (FERRERO) 巧克力礼盒48粒装情人节生日礼物送女友老婆员工团购万圣节平安夜糖果伴手礼 费列罗金色48粒礼盒装[送礼袋],巧克力,【京东超市】【品质保证】【京东12仓，急速到家】【活动多多下单立减】瑞士莲情人节爱心巧克力礼盒,5万+条评价,https://mall.jd.com/index-10205730.html?from=pc,业昌食品专营店,"京东物流
								闪购"
268.9,268.9,https://item.jd.com/730618.html,费列罗(FERRERO)榛果威化糖果巧克力制品 节日礼物休闲零食 婚庆喜糖零食伴手礼  96粒婚礼装1200g,巧克力,"【费列罗健达巧克力*双11全球热爱季】10月20日20点火热开启，定金抢先付，尾款享立减！超值优惠享不停！加入会员领券且可抽超值大奖,点击查看更多优惠进入",50万+条评价,https://mall.jd.com/index-1000072521.html?from=pc,费列罗京东自营旗舰店,"自营
								满49-22"
19.9,19.9,https://item.jd.com/100005043053.html,诺梵纯黑可可脂黑巧克力休闲零食万圣节糖果礼盒生日礼物女送女友巧克力55%办公室零食喜糖110g,巧克力,,10万+条评价条评价,https://mall.jd.com/index-1000082422.html?from=pc,诺梵京东自营旗舰店,自营
39,39,https://item.jd.com/100015419384.html,Ferrero费列罗榛果威化巧克力万圣节礼物送儿童女友女朋友男朋友生日礼物员工福利伴手礼蓝色礼盒装112g,巧克力,Ferrero费列罗榛果威化巧克力万圣节礼物送儿童女友女朋友男朋友生日礼物员工福利伴手礼蓝色礼盒装112g,10万+条评价,https://mall.jd.com/index-1000386302.html?from=pc,全球好物京东自营专区,"自营
								2件8折"
19.9,19.9,https://item.jd.com/100019984544.html,态好吃纯可可脂100%可可无蔗糖黑巧克力糖果礼盒送女友生日礼物休闲零食送男友礼物  110g,巧克力,态好吃纯可可脂100%可可无蔗糖黑巧克力糖果礼盒送女友生日礼物休闲零食送男友礼物  110g,1万+条评价,https://mall.jd.com/index-1000373941.html?from=pc,态好吃京东自营旗舰店,"自营
								2件9折"
69,69,https://item.jd.com/5361753.html,瑞士莲（Lindt）软心45%黑巧克力分享装200g香气饱满齿颊留香,巧克力,意大利进口，600g软心精选量贩装，5种口味随心享，品味颗颗幼滑软心，(此商品不参加上述活动),20万+条评价,https://mall.jd.com/index-1000081022.html?from=pc,瑞士莲京东自营旗舰店,"自营
								品质溯源
								满204-27"
110.9,110.9,https://item.jd.com/317653.html,费列罗(FERRERO)榛果威化糖果巧克力制品 婚庆喜糖零食 节日团聚送礼 24粒礼盒装300g（新老款随机发货）,巧克力,"【费列罗健达巧克力*双11全球热爱季】10月20日20点火热开启，定金抢先付，尾款享立减！超值优惠享不停！加入会员领券且可抽超值大奖,点击查看更多优惠进入",50万+条评价,https://mall.jd.com/index-1000072521.html?from=pc,费列罗京东自营旗舰店,自营
60,60,https://item.jd.com/35667811383.html,明治（Meiji） 特纯黑巧克力\/黑巧克力\/特浓牛奶巧克力\/牛奶巧克力75g*4盒4种口味各1,巧克力,明治（Meiji） 特纯黑巧克力\/黑巧克力\/特浓牛奶巧克力\/牛奶巧克力75g*4盒4种口味各1,2000+条评价,https://mall.jd.com/index-31616.html?from=pc,明治旗舰店,满88-8
129.8,129.8,https://item.jd.com/967625.html,费列罗(FERRERO)臻品威化糖果巧克力制品 节日礼物婚庆喜糖伴手礼 32粒礼盒装364.3g（新老款随机发货）,巧克力,,50万+条评价,https://mall.jd.com/index-1000072521.html?from=pc,费列罗京东自营旗舰店,自营
116.16,116.16,https://item.jd.com/10041182547888.html,布沙尔（Bou Chard）比利时进口黑巧克力 888g(6g*148) 72%黑巧送女友独立小包装,巧克力,"山姆京东6周年,感恩有你,抽1666免单福利,赢高颜值露营帐篷,21号直播间不见不散点击",1万+条评价,https://mall.jd.com/index-598847.html?from=pc,山姆会员商店官方旗舰店,京东物流
128,128,https://item.jd.com/100033721774.html,费列罗唯美斯榛果威化双拼巧克力礼盒万圣节礼物送儿童女朋友男朋友生日礼物礼盒装费列罗10颗唯美斯20颗375g,巧克力,费列罗唯美斯榛果威化双拼巧克力礼盒万圣节礼物送儿童女朋友男朋友生日礼物礼盒装费列罗10颗唯美斯20颗375g,10万+条评价,https://mall.jd.com/index-1000386302.html?from=pc,全球好物京东自营专区,"自营
								2件8折"
69,69,https://item.jd.com/32111387814.html,好利来生巧克力礼盒 净含量110g 送礼抹茶牛奶松露纯可可脂零食 生巧克力（牛奶味） 16枚/盒,巧克力,一触即溶的细腻感,5万+条评价,https://mall.jd.com/index-34002.html?from=pc,好利来旗舰店,"跨店每满299-50
								券98-3"
39.9,39.9,https://item.jd.com/100018395417.html,滋露多彩什锦夹心巧克力袋装(代可可脂)27粒163g 日本进口松尾Tirol生日礼物送女友,巧克力,日本进口零食专区，精美礼盒，各类零食季节限定款等您选购点击查看！(此商品不参加上述活动),2000+条评价,https://mall.jd.com/index-1000367485.html?from=pc,春捃京东自营旗舰店,"自营
								2件9折"
208,208,https://item.jd.com/100031284804.html,歌帝梵GODIVA黑巧克力排块90%黑巧苦大板片纯可可脂烘焙高档零食*3块装,巧克力,歌帝梵GODIVA黑巧克力排块90%黑巧苦大板片纯可可脂烘焙高档零食*3块装,2000+条评价,https://mall.jd.com/index-1000369729.html?from=pc,歌帝梵（GODIVA）巧克力京东自营专区,"自营
										厂商配送
								2件9折"
129,129,https://item.jd.com/100035393497.html,诺梵喜糖伴手礼软心松露巧克力,巧克力,,50万+条评价,https://mall.jd.com/index-1000082422.html?from=pc,诺梵京东自营旗舰店,自营
7.8,7.8,https://item.jd.com/988581.html,好时  Hershey’s 曲奇奶香好时脆乐多 40g 休闲零食糖果 巧克力 办公室零食 分享装,巧克力,好时  Hershey’s 曲奇奶香好时脆乐多 40g 休闲零食糖果 巧克力 办公室零食 分享装,20万+条评价,https://mall.jd.com/index-1000075682.html?from=pc,好时京东自营旗舰店,"自营
								品质溯源
								2件9折"
118,118,https://item.jd.com/10035183375116.html,ROYCE' 若翼族 生巧克力制品礼盒装日本北海道进口巧克力送男女朋友生日礼物伴手礼糖果顺丰全程冷链 淡可可味 125g 【20枚/盒】,巧克力,为响应政府战疫政策，部分地区将进行限售/延发，您可先关注商品，待快递通知冷链线路畅通后，我们会即刻恢复销售/发货，感谢您的支持和谅解！,2万+条评价,https://mall.jd.com/index-11421578.html?from=pc,ROYCE'旗舰店,跨店每满299-50
48,48,https://item.jd.com/1739479574.html,瑞特滋 瑞特斯波徳Ritter Sport德国进口全榛子牛奶巧克力黑巧100g排块送女友零食 【4块】自备注口味或联系客服备注,巧克力,新老包装随机发货,5万+条评价,https://mall.jd.com/index-17556.html?from=pc,圣托尼旗舰店,跨店每满299-50
19.9,19.9,https://item.jd.com/100039838689.html,斯巴达克白俄罗斯黑巧克力进口原装纯黑可可脂苦健身运动零食品99%盒装黑巧90g,巧克力,斯巴达克白俄罗斯黑巧克力进口原装纯黑可可脂苦健身运动零食品99%盒装黑巧90g,500+条评价,https://mall.jd.com/index-1000426418.html?from=pc,斯巴达克京东自营旗舰店,"自营
								99元6件"
129,129,https://item.jd.com/100033534840.html,爱普诗（Alpes d’Or）瑞士进口85%黑巧克力500g铁罐装 公司福利下午茶点休闲零食送女友礼物万圣节生日礼物,巧克力,爱普诗（Alpes d’Or）瑞士进口85%黑巧克力500g铁罐装 公司福利下午茶点休闲零食送女友礼物万圣节生日礼物,20万+条评价,https://mall.jd.com/index-1000303482.html?from=pc,爱普诗（Alpes d'Or）京东自营旗舰店,"自营
								秒杀"
128,128,https://item.jd.com/10055461864657.html,德芙（Dove） 德芙巧克力礼盒装万圣节糖果礼盒装情人节礼物送女友生日礼物女送男女朋友棒棒糖礼物 双层德芙巧克力礼盒,巧克力,,500+条评价,https://mall.jd.com/index-10503606.html?from=pc,晶欧巧克力专营店,
78,78,https://item.jd.com/100033892982.html,嘉利宝 黑巧克力粒 70.5% 500g/袋 烘焙原料 黑巧克力豆 币 纯可可脂 蛋糕饼干 生巧Diy材料,巧克力,嘉利宝 黑巧克力粒 70.5% 500g/袋 烘焙原料 黑巧克力豆 币 纯可可脂 蛋糕饼干 生巧Diy材料,500+条评价,https://mall.jd.com/index-1000416182.html?from=pc,百乐嘉利宝京东自营旗舰店,"自营
								新品"
33.9,33.9,https://item.jd.com/100040027185.html,金丝猴 麦丽素 超级甜蜜分享桶装麦丽素牛奶夹心巧克力豆365g桶装   经典怀旧糖果 伴手礼送礼结婚喜糖,巧克力,金丝猴 麦丽素 超级甜蜜分享桶装麦丽素牛奶夹心巧克力豆365g桶装   经典怀旧糖果 伴手礼送礼结婚喜糖,500+条评价,https://mall.jd.com/index-1000338485.html?from=pc,金丝猴食品京东自营旗舰店,"自营
								2件9折"
58.6,58.6,https://item.jd.com/63710239859.html,100%纯黑巧克力*2盒 无糖巧克力排块休闲零食品低糖尿病人可吃可可脂 100%无蔗糖黑巧克力 130g*2盒,巧克力,100%无糖特苦浓香，糖尿人可以吃100%款。85%和72%一般苦，含有少量糖，58%适合大众。35%白巧克力抹茶味有点甜。慕葡罗&如恋联合指定高品质原料制作。,2万+条评价,https://mall.jd.com/index-10143755.html?from=pc,多特好官方旗舰店,"京东物流
								跨店每满299-50"
29.9,29.9,https://item.jd.com/10020626632543.html,德芙（Dove） 新货巧克力礼盒装碗装喜糖伴手礼【新老包装随机发】万圣节糖果零食礼盒装 【1碗】丝滑牛奶252g(18条),巧克力,冰袋保温箱保驾护航,2万+条评价,https://mall.jd.com/index-24923.html?from=pc,喜年华食品旗舰店,跨店每满299-50
49.9,49.9,https://item.jd.com/100027779642.html,新西兰进口 惠特克 whittakers 迷你扁桃仁牛奶巧克力制品180g袋装分享装糖果零食休闲食品,巧克力,新西兰进口 惠特克 whittakers 迷你扁桃仁牛奶巧克力制品180g袋装分享装糖果零食休闲食品,5万+条评价,https://mall.jd.com/index-1000118801.html?from=pc,惠特克（whittakers）巧克力京东自营旗舰店,"自营
								2件9折"
26.9,26.9,https://item.jd.com/1910569.html,费列罗(FERRERO)拉斐尔椰蓉扁桃仁糖果酥球 婚庆喜糖零食伴手礼节日礼物团聚送礼 10粒心形礼盒装100g,,,20万+条评价,https://mall.jd.com/index-1000072521.html?from=pc,费列罗京东自营旗舰店,自营
25.8,25.8,https://item.jd.com/100023622310.html,德国进口 RitterSport 瑞特滋（原瑞特斯波德）加纳系列81%特浓黑巧克力 休闲零食 节日礼物 100g,巧克力,德国进口 RitterSport 瑞特滋（原瑞特斯波德）加纳系列81%特浓黑巧克力 休闲零食 节日礼物 100g,10万+条评价,https://mall.jd.com/index-1000114421.html?from=pc,瑞特滋京东自营旗舰店,"自营
								2件9折"
39.9,39.9,https://item.jd.com/10036123708344.html,好时（Hershey's） 巧克力排块30g*9条270g盒装 曲奇奶香好时脆乐多30g*9条,巧克力,冰袋泡沫箱打包，曲奇奶香好时脆乐多/牛奶巧克力2口味任选,1000+条评价,https://mall.jd.com/index-38195.html?from=pc,欧美食品专营店,跨店每满299-50
12.5,12.5,https://item.jd.com/10048071174412.html,Solove100%纯黑巧克力纯脂礼盒装极苦送女友零食纯可可脂120g 72%可可-苦中略甜120g,巧克力,Solove100%纯黑巧克力纯脂礼盒装极苦送女友零食纯可可脂120g 72%可可-苦中略甜120g,500+条评价,https://mall.jd.com/index-655610.html?from=pc,亦泓食品专营店,
79.9,79.9,https://item.jd.com/3712883.html,好时之吻 Kisses 曲奇奶香好时脆乐多 休闲零食 糖果巧克力 结婚糖果 婚庆喜糖 散装 500g,巧克力,好时之吻 Kisses 曲奇奶香好时脆乐多 休闲零食 糖果巧克力 结婚糖果 婚庆喜糖 散装 500g,50万+条评价,https://mall.jd.com/index-1000075682.html?from=pc,好时京东自营旗舰店,"自营
								品质溯源
								2件9折
								赠"
32,32,https://item.jd.com/10023455722342.html,日本进口明治 Meiji杏仁坚果 夹心巧克力 杏仁夹心巧克力88g,巧克力,PLUS会员下单更优惠哦,1000+条评价,https://mall.jd.com/index-10099122.html?from=pc,领英食品专营店,京东物流
